{
"type": "FeatureCollection",
"name": "subbasins",
"crs": { "type": "name", "properties": { "name": "urn:ogc:def:crs:OGC:1.3:CRS84" } },
"features": [
{ "type": "Feature", "properties": { "pfaf_id": -9999, "AreaSQKM_B": 124.783107216, "support_id": "SB_01" }, "geometry": { "type": "MultiPolygon", "coordinates": [ [ [ [ 80.833889782251887, 15.710428974126913 ], [ 80.830872569312774, 15.711572645867564 ], [ 80.833333333464068, 15.712499999947982 ], [ 80.833889782251887, 15.710428974126913 ] ] ], [ [ [ 80.833333332890476, 15.71666666685209 ], [ 80.833333332951668, 15.724999999941002 ], [ 80.838067288201813, 15.723785061493436 ], [ 80.833333332890476, 15.71666666685209 ] ] ], [ [ [ 80.929063684306129, 15.723335216256809 ], [ 80.929166666129674, 15.725000000053091 ], [ 80.932298511291577, 15.723974755577048 ], [ 80.929063684306129, 15.723335216256809 ] ] ], [ [ [ 81.724376423784662, 16.334242418399665 ], [ 81.716099378921555, 16.334548271899102 ], [ 81.717363485498325, 16.344942898070691 ], [ 81.725000000459332, 16.345833334515071 ], [ 81.724376423784662, 16.334242418399665 ] ] ], [ [ [ 81.949801310927512, 16.398702982256356 ], [ 81.954784309382944, 16.410339695117251 ], [ 81.960747044549464, 16.404175429443725 ], [ 81.949801310927512, 16.398702982256356 ] ] ] ] } },
{ "type": "Feature", "properties": { "pfaf_id": 453309, "AreaSQKM_B": 16695.050487799999, "support_id": "SB_02" }, "geometry": { "type": "MultiPolygon", "coordinates": [ [ [ [ 82.362455885067703, 16.906229451682595 ], [ 82.361960180435034, 16.918788995532985 ], [ 82.35893249666708, 16.944307009207449 ], [ 82.355389213461677, 16.955541848910563 ], [ 82.348860171241128, 16.961429691904055 ], [ 82.340583801338056, 16.965859224701532 ], [ 82.331893923381088, 16.981344220193414 ], [ 82.327559336441368, 16.983117240095162 ], [ 82.325827177064397, 16.990736051462225 ], [ 82.332000405179073, 16.990694768983033 ], [ 82.34698363737914, 16.980666160315938 ], [ 82.357222239088017, 16.965045930549906 ], [ 82.359861371982049, 16.954305649997853 ], [ 82.365280150306148, 16.915420530180906 ], [ 82.362455885067703, 16.906229451682595 ] ] ], [ [ [ 83.066072412470092, 17.524789063355747 ], [ 83.055278779832463, 17.521805284939983 ], [ 83.034301760448585, 17.513890270442907 ], [ 83.013005572644744, 17.503058115199888 ], [ 83.003887174711835, 17.49263953997956 ], [ 83.00499101154125, 17.488271193138974 ], [ 82.994398753248319, 17.479976657088656 ], [ 82.994410909636287, 17.477052163220314 ], [ 82.995259365490085, 17.475104160256869 ], [ 82.983005374041028, 17.469609669437862 ], [ 82.979006075504046, 17.467555856631467 ], [ 82.97746064146078, 17.466781572917217 ], [ 82.953750609654747, 17.459583283096052 ], [ 82.946252823253559, 17.451808694323578 ], [ 82.941322327649686, 17.450973752225249 ], [ 82.925968170450858, 17.443542480432793 ], [ 82.908191681097449, 17.437083243014946 ], [ 82.884493510076325, 17.426668486256442 ], [ 82.877906800257676, 17.420280455002988 ], [ 82.870324453001018, 17.416138332278511 ], [ 82.847433529745473, 17.408494007705141 ], [ 82.826157437558138, 17.400188434202182 ], [ 82.801803590443669, 17.389030935155709 ], [ 82.757640839674252, 17.369861128540919 ], [ 82.73501712504509, 17.358762787235893 ], [ 82.726596972387199, 17.354325989028279 ], [ 82.709933019443241, 17.345993373239203 ], [ 82.703197479660801, 17.34347439011546 ], [ 82.684563249289823, 17.333307853547286 ], [ 82.648656210514204, 17.313055993285143 ], [ 82.639312739962691, 17.308891294912357 ], [ 82.629999160372094, 17.3023614859171 ], [ 82.61249938784222, 17.292223869899676 ], [ 82.604724885560756, 17.287640098497647 ], [ 82.597640990453826, 17.286110880189209 ], [ 82.595803833057403, 17.2827368755555 ], [ 82.579345702440833, 17.273275375866849 ], [ 82.557878969918306, 17.259014191660199 ], [ 82.532571954914545, 17.24316376952067 ], [ 82.477250664114507, 17.204097220928851 ], [ 82.454064156918264, 17.183834699344327 ], [ 82.439644707565904, 17.173132792603134 ], [ 82.417749023017265, 17.152180387298518 ], [ 82.412700230114993, 17.148411857866588 ], [ 82.371357727867419, 17.108527374377033 ], [ 82.36474609317132, 17.110463939034496 ], [ 82.364937521711056, 17.103952754977403 ], [ 82.352914807493008, 17.093474384969966 ], [ 82.319582940230219, 17.059722662314194 ], [ 82.302366255314169, 17.03999948268088 ], [ 82.293748857017249, 17.02597331913654 ], [ 82.285697940205409, 17.009445190668401 ], [ 82.278289793112009, 16.990589144145034 ], [ 82.279909560728854, 16.987363012397484 ], [ 82.277869014868443, 16.983269660235134 ], [ 82.276229116632322, 16.980019313927531 ], [ 82.282638549748782, 16.977222445041228 ], [ 82.283423653202647, 16.971180223544305 ], [ 82.27520115896634, 16.970833936434804 ], [ 82.270139691688541, 16.95958328047859 ], [ 82.269702546210809, 16.954440759512405 ], [ 82.273842896794505, 16.948492362996973 ], [ 82.271163941043326, 16.940820028877049 ], [ 82.256255098730193, 16.936670305310912 ], [ 82.250749204347841, 16.934416582511489 ], [ 82.249691612409848, 16.922686182435307 ], [ 82.250277204315907, 16.909031550649072 ], [ 82.254305840125369, 16.903611185473764 ], [ 82.257217410210373, 16.89514160069751 ], [ 82.256853103992484, 16.887269340162305 ], [ 82.265910679770883, 16.884800383227528 ], [ 82.270413717273129, 16.875600813159707 ], [ 82.282161168318268, 16.877004896549582 ], [ 82.302807616461806, 16.863919258899188 ], [ 82.313343414032289, 16.851051715703559 ], [ 82.318610888967982, 16.850418554472316 ], [ 82.325416563264767, 16.855001449886824 ], [ 82.335983280462912, 16.856670380256666 ], [ 82.339615724146782, 16.855180270404642 ], [ 82.348123550497746, 16.851527452616452 ], [ 82.3546951299098, 16.85186004594269 ], [ 82.356670088219772, 16.870351297931382 ], [ 82.358305201335142, 16.877174077200777 ], [ 82.359339861947447, 16.872492653131925 ], [ 82.357421875273644, 16.855992319999682 ], [ 82.35833358469597, 16.844443797628212 ], [ 82.353328704969826, 16.83069133485948 ], [ 82.352993814418667, 16.824778068451668 ], [ 82.352218630054679, 16.819311140078437 ], [ 82.355834959737265, 16.814861775577221 ], [ 82.34921519051673, 16.784491222953317 ], [ 82.345693590419188, 16.777637958516898 ], [ 82.341526035444787, 16.754026410561032 ], [ 82.341744997791906, 16.736417386570178 ], [ 82.326258005801805, 16.733471420914299 ], [ 82.316390990163853, 16.732152460223919 ], [ 82.304562495294192, 16.715929765859194 ], [ 82.29965800427459, 16.714448510155442 ], [ 82.293927873769761, 16.708364486464319 ], [ 82.277122328160573, 16.707936308571266 ], [ 82.270306231350588, 16.708854873302666 ], [ 82.264812892641672, 16.712591688361631 ], [ 82.256478155871463, 16.71671992655239 ], [ 82.254039093846217, 16.717283414685838 ], [ 82.246063232993066, 16.716899873878852 ], [ 82.244578154218573, 16.712717273344179 ], [ 82.237589948563937, 16.718228416636304 ], [ 82.238105096310008, 16.727172852420491 ], [ 82.242110527855871, 16.732575141872243 ], [ 82.240863715683716, 16.741012572941486 ], [ 82.225000000099413, 16.741666667561621 ], [ 82.223785060767838, 16.73693271199215 ], [ 82.214440639967336, 16.737418396646028 ], [ 82.200599926023727, 16.739118388036342 ], [ 82.193622842818272, 16.742233955077467 ], [ 82.18333333279422, 16.749999999998693 ], [ 82.182766046030636, 16.764710490241104 ], [ 82.178279283124866, 16.774291653271469 ], [ 82.167554049969155, 16.775708346830907 ], [ 82.16609937865438, 16.781377155876029 ], [ 82.160289510206212, 16.786932712307049 ], [ 82.156377156861907, 16.783900622412595 ], [ 82.145086670528414, 16.782766045999672 ], [ 82.13971048968105, 16.786932711881402 ], [ 82.130381606419064, 16.788067288153897 ], [ 82.128315735000854, 16.780017429680928 ], [ 82.121684265065383, 16.778315905074152 ], [ 82.119982401347315, 16.771684096493427 ], [ 82.114456177497743, 16.770266045480305 ], [ 82.105086431988084, 16.761917114149412 ], [ 82.099432712337006, 16.749253337072165 ], [ 82.104733954779093, 16.738714939412134 ], [ 82.077210490294121, 16.725567288365252 ], [ 82.072048272326526, 16.724432712662814 ], [ 82.069945950258031, 16.732624986341978 ], [ 82.060289509998171, 16.733900621344642 ], [ 82.049253337491336, 16.738067288660716 ], [ 82.043749999888107, 16.73380194821231 ], [ 82.032586670213419, 16.738067288610406 ], [ 82.027210490465649, 16.733900621696019 ], [ 82.020833332880869, 16.733333333382671 ], [ 82.020225863643162, 16.749086507704103 ], [ 82.01445617613399, 16.750567288243051 ], [ 82.006377156234777, 16.757766045647799 ], [ 81.990920003350055, 16.75890062189653 ], [ 81.985543823094645, 16.754733954851801 ], [ 81.972789509931374, 16.753599379079827 ], [ 81.968750000363229, 16.750468614616562 ], [ 81.958994548354696, 16.75506625751947 ], [ 81.957766045149896, 16.768877156464708 ], [ 81.952670966011112, 16.774986775274559 ], [ 81.948043823247403, 16.771400622426579 ], [ 81.940816583266141, 16.770266044972669 ], [ 81.93403761127469, 16.77591959632927 ], [ 81.932766045534009, 16.785543823644716 ], [ 81.928206719091676, 16.791010878689541 ], [ 81.914456177228985, 16.79223395520339 ], [ 81.906377156744867, 16.7994327119088 ], [ 81.885075546627547, 16.800353324990553 ], [ 81.87952473868323, 16.805876329556149 ], [ 81.878813340859395, 16.810757785043023 ], [ 81.8711866591524, 16.818408881654054 ], [ 81.870480008244016, 16.823257784825845 ], [ 81.862853325621771, 16.830908881138026 ], [ 81.857980007932184, 16.844091118243398 ], [ 81.844120958413157, 16.857975599027867 ], [ 81.841666666520155, 16.858333334311119 ], [ 81.842274306430838, 16.874086506910505 ], [ 81.845480008468328, 16.881591118417116 ], [ 81.842019993106362, 16.885075548578492 ], [ 81.841313341194649, 16.898257785213382 ], [ 81.837698902325982, 16.904622924155589 ], [ 81.834072197151173, 16.909212917872058 ], [ 81.83276604532746, 16.917413330706164 ], [ 81.83693271243834, 16.922789510389254 ], [ 81.838067287861804, 16.950746663526772 ], [ 81.83276604532648, 16.959079996076245 ], [ 81.836932711752283, 16.964456177338889 ], [ 81.838067287799191, 16.973043823321714 ], [ 81.845266044780587, 16.985289510610396 ], [ 81.846400621054286, 17.000746663272814 ], [ 81.842233953770588, 17.006122844667601 ], [ 81.842566257317188, 17.02433878538822 ], [ 81.85637715691675, 17.025567288646318 ], [ 81.860289509987012, 17.028599378510009 ], [ 81.869945950515984, 17.029875014435113 ], [ 81.871801079185033, 17.037103950495077 ], [ 81.876956177129415, 17.041099378323199 ], [ 81.883333332748762, 17.037500000401433 ], [ 81.894091119219055, 17.037853326668397 ], [ 81.902450901101957, 17.046186659692598 ], [ 81.923257785942027, 17.04548000860721 ], [ 81.930908880842395, 17.037853326642779 ], [ 81.947789510451884, 17.053599378364268 ], [ 81.953770784941568, 17.055134413624131 ], [ 81.959253098944174, 17.066083780960131 ], [ 81.968622842828097, 17.074432712067324 ], [ 81.983900621114827, 17.080381605400035 ], [ 81.982766044663478, 17.093877157073941 ], [ 81.978599378674659, 17.099253336389935 ], [ 81.979903326787792, 17.107440864259338 ], [ 81.991099378904536, 17.114710490344869 ], [ 81.983900621568139, 17.122789511575213 ], [ 81.98248240165988, 17.128315905705492 ], [ 81.975708516346202, 17.130054050586509 ], [ 81.974432711893783, 17.139710490263774 ], [ 81.950567288013175, 17.164456176852024 ], [ 81.953599378712354, 17.172789510304931 ], [ 81.954733954678119, 17.18407999697369 ], [ 81.950567287681451, 17.189456175841375 ], [ 81.961160752358936, 17.200704138452327 ], [ 81.969658237112228, 17.208745829003284 ], [ 81.970833333141485, 17.204166667683175 ], [ 81.985757786300255, 17.204519992991621 ], [ 81.991666667430565, 17.208333332870161 ], [ 81.988067288233935, 17.218622843401317 ], [ 81.986885749058558, 17.244921705700946 ], [ 81.983333332982667, 17.245833334481059 ], [ 81.982482401958535, 17.25748240113867 ], [ 81.978315735326802, 17.261649068355474 ], [ 81.971684265158046, 17.263350932652287 ], [ 81.971684264636465, 17.269982400982904 ], [ 81.978315734716688, 17.271684264949275 ], [ 81.979519993261206, 17.285757785028672 ], [ 81.987146674502085, 17.293408881096017 ], [ 81.98785332591568, 17.306591118484764 ], [ 81.991313341317451, 17.310075548212939 ], [ 81.992019993083574, 17.318379550158429 ], [ 81.987853326534989, 17.322575547919335 ], [ 81.987500000573903, 17.337500000698952 ], [ 81.988716555484629, 17.340480048256776 ], [ 81.992284309525616, 17.34799346919463 ], [ 81.99938235775231, 17.356173197670458 ], [ 82.000617641873575, 17.372993469621459 ], [ 82.007715691073273, 17.385339864694345 ], [ 82.008950976344806, 17.390298801107882 ], [ 81.997993469393506, 17.395215692046371 ], [ 81.987030877504907, 17.396450975285813 ], [ 81.980115255102419, 17.391399298982662 ], [ 81.97854902539666, 17.402160135992592 ], [ 81.970536634747774, 17.411393568210389 ], [ 81.964506529881547, 17.41311764245221 ], [ 81.958367242492884, 17.41802775130266 ], [ 81.961882358392373, 17.422839864425299 ], [ 81.962499999959121, 17.429166666715346 ], [ 81.956377155995767, 17.432766046240666 ], [ 81.947789509673896, 17.433900621159978 ], [ 81.940457732062754, 17.43781016934491 ], [ 81.933900621240824, 17.451956177003488 ], [ 81.932766045238665, 17.460543823105958 ], [ 81.924417114157066, 17.469913567822946 ], [ 81.914710490260489, 17.474432712061756 ], [ 81.901742214118215, 17.47464667569783 ], [ 81.898257786280496, 17.47118665900506 ], [ 81.880908880857376, 17.470480008307998 ], [ 81.873257784815209, 17.462853326490617 ], [ 81.863312445848663, 17.463535731916163 ], [ 81.861642795172614, 17.474251641542235 ], [ 81.841422526559541, 17.475834487504429 ], [ 81.849344550399266, 17.48954433957508 ], [ 81.8506554495426, 17.502122328559505 ], [ 81.854107665900671, 17.507064820018375 ], [ 81.846816337942045, 17.509316338317483 ], [ 81.845177884262611, 17.514622328684265 ], [ 81.837129380723738, 17.524083794207343 ], [ 81.827044338497657, 17.52565544920553 ], [ 81.817869398279043, 17.530081855121644 ], [ 81.816011217198977, 17.533914863332154 ], [ 81.824344550436578, 17.543711005024157 ], [ 81.82982211575532, 17.554412503206976 ], [ 81.825655449932299, 17.560377671881383 ], [ 81.824344549636038, 17.57524583629667 ], [ 81.82851121678992, 17.58121100552421 ], [ 81.828267076126778, 17.586838785874544 ], [ 81.814456177389388, 17.588067288454287 ], [ 81.806122843910998, 17.592233955511631 ], [ 81.79387715673279, 17.603599379145319 ], [ 81.78006625734433, 17.60482788095819 ], [ 81.775567287714736, 17.614456177477432 ], [ 81.774646674532448, 17.631591119552109 ], [ 81.770480008269715, 17.639212884425703 ], [ 81.774646674532036, 17.643408881239242 ], [ 81.774112616866745, 17.65345815015948 ], [ 81.764456176699952, 17.654733954985712 ], [ 81.758686658915749, 17.66075778645418 ], [ 81.764209663118052, 17.6663085947064 ], [ 81.772575547948989, 17.670480007449211 ], [ 81.781591119404638, 17.671186659495373 ], [ 81.789213052847344, 17.675353325678316 ], [ 81.793408882119977, 17.671186658979281 ], [ 81.801714409540978, 17.670480007645281 ], [ 81.807975260405058, 17.676709832608104 ], [ 81.808950805650184, 17.681326802165607 ], [ 81.816049195394271, 17.689506531213738 ], [ 81.817284138895445, 17.697993469649244 ], [ 81.821939764660144, 17.708036635694686 ], [ 81.831173028481231, 17.716049025254215 ], [ 81.836573622318411, 17.717593045587201 ], [ 81.838867865103339, 17.725617642527631 ], [ 81.845058187483858, 17.724075657597279 ], [ 81.846640352899698, 17.713205633895839 ], [ 81.864660305926307, 17.711882358062002 ], [ 81.870364041236911, 17.707715692154284 ], [ 81.877160306453746, 17.708950975954789 ], [ 81.887500000249005, 17.716666667216511 ], [ 81.888217163347818, 17.724013774619632 ], [ 81.897839695055836, 17.728549025292654 ], [ 81.906326972052696, 17.729784308342641 ], [ 81.910339695032164, 17.73271569218177 ], [ 81.92003919787372, 17.734127468118384 ], [ 81.921601698788479, 17.744861687024056 ], [ 81.929377916196486, 17.747085063585203 ], [ 81.917284138671747, 17.760339863916862 ], [ 81.916049194540022, 17.767403326896073 ], [ 81.924382527387195, 17.777006531630867 ], [ 81.925926378265856, 17.782406954963886 ], [ 81.931326971698297, 17.783950975633928 ], [ 81.93950636072347, 17.791049025569759 ], [ 81.952160305648732, 17.792284307874361 ], [ 81.960493639493151, 17.796450975020537 ], [ 81.973911878751494, 17.808693610573595 ], [ 81.979166667402296, 17.816666667371113 ], [ 81.98001759817754, 17.819982401377345 ], [ 81.989456175993183, 17.824432713454783 ], [ 82.00416666699806, 17.825000000275377 ], [ 82.016099379065821, 17.839456176829497 ], [ 82.01729024215669, 17.86159074482882 ], [ 82.032482402022964, 17.867517598960983 ], [ 82.038350932068781, 17.882482401237716 ], [ 82.044982402050096, 17.88418426659069 ], [ 82.046720716113697, 17.890958150217866 ], [ 82.057445950427805, 17.892375183392776 ], [ 82.059184265123434, 17.899149067891514 ], [ 82.0772104903551, 17.89526604550397 ], [ 82.081122843265646, 17.892233953888443 ], [ 82.099020893816004, 17.891033935858008 ], [ 82.103599378914637, 17.885543823141543 ], [ 82.1047339551763, 17.876956176973895 ], [ 82.111932712117181, 17.868877156921236 ], [ 82.113350931736974, 17.863350931856843 ], [ 82.123009012902813, 17.858272535611285 ], [ 82.126617088555321, 17.862248811577782 ], [ 82.133900621395043, 17.860289510680293 ], [ 82.142233953870431, 17.850937229612551 ], [ 82.141099379475051, 17.843622843600695 ], [ 82.136932711786159, 17.838246663468588 ], [ 82.138173760078203, 17.825896369105596 ], [ 82.143877155806763, 17.825567288605566 ], [ 82.15612284340358, 17.832766046571603 ], [ 82.164710489775047, 17.833900621249771 ], [ 82.16875881587184, 17.837038167068687 ], [ 82.178229437733236, 17.828599379642608 ], [ 82.193877156891318, 17.82973395398356 ], [ 82.199253335723256, 17.833900620837387 ], [ 82.215762837839378, 17.832688904030146 ], [ 82.22036454937259, 17.822916667519067 ], [ 82.216666666300327, 17.816666666940478 ], [ 82.216666666390523, 17.808333334116572 ], [ 82.221188015289485, 17.801715257946462 ], [ 82.235075548477781, 17.787853326518796 ], [ 82.251742215474295, 17.77951999217909 ], [ 82.264924452292789, 17.778813341047726 ], [ 82.268408881897983, 17.775353325945517 ], [ 82.287500000210372, 17.775000000290355 ], [ 82.279809400904952, 17.78536495645394 ], [ 82.278523932930327, 17.79796837710624 ], [ 82.275606113355977, 17.802083332878141 ], [ 82.282727219901531, 17.814583333020625 ], [ 82.278916423027738, 17.819957818238091 ], [ 82.293801709616361, 17.821476066956293 ], [ 82.30619829014131, 17.828523933438166 ], [ 82.314924452366441, 17.82951999219156 ], [ 82.322575547941881, 17.837146674092232 ], [ 82.327424451784253, 17.837853326600701 ], [ 82.339242214247761, 17.849646674222551 ], [ 82.350353326379945, 17.847575548036062 ], [ 82.362146673905769, 17.835757785069813 ], [ 82.362853325726533, 17.830908882376779 ], [ 82.370480007073169, 17.823257785148307 ], [ 82.370833333044303, 17.812500000172768 ], [ 82.381250000392598, 17.816038513356002 ], [ 82.385416666809704, 17.813128154548174 ], [ 82.391420831381126, 17.817322116880256 ], [ 82.414544339189135, 17.808988783321695 ], [ 82.432577176024509, 17.807577175626658 ], [ 82.434200031821206, 17.786844550681543 ], [ 82.460455661473645, 17.788155450562002 ], [ 82.464544339216758, 17.791011217395113 ], [ 82.478315735235668, 17.792517598873772 ], [ 82.483729214222208, 17.803198919879918 ], [ 82.498043823211447, 17.808900621599562 ], [ 82.510289509643684, 17.820266045915236 ], [ 82.524338785748583, 17.825899590682091 ], [ 82.525567288323757, 17.839710489965807 ], [ 82.528599378899841, 17.843622843248792 ], [ 82.529733955062724, 17.856377156837617 ], [ 82.533729213796789, 17.861532253193253 ], [ 82.541005452756238, 17.863399589841627 ], [ 82.540815733865315, 17.874149068609572 ], [ 82.533956908644868, 17.875909255108251 ], [ 82.532766045932362, 17.898043823190662 ], [ 82.529635451309801, 17.902083334352405 ], [ 82.5327660461069, 17.906122843956339 ], [ 82.535543823277735, 17.921400621155229 ], [ 82.543622843480847, 17.928599377811842 ], [ 82.551956177348913, 17.932766044937058 ], [ 82.560543822755434, 17.93390062171574 ], [ 82.575000000517392, 17.941666665928331 ], [ 82.575993516804445, 17.945141263047397 ], [ 82.59502631292068, 17.946538967215133 ], [ 82.596450974865874, 17.95632680346203 ], [ 82.59938235800027, 17.960339863978696 ], [ 82.600617641814594, 17.968826803179294 ], [ 82.60354902551596, 17.97283986511853 ], [ 82.604784308069455, 17.985493469894763 ], [ 82.609259712455255, 17.994906954893413 ], [ 82.618673197059451, 17.999382357842258 ], [ 82.637499999880561, 18.0000000004434 ], [ 82.636970520501279, 18.010581631272565 ], [ 82.632803853307834, 18.015725877697381 ], [ 82.637499999942591, 18.020833333608731 ], [ 82.638271416127111, 18.028395250277804 ], [ 82.645833333531883, 18.029166667010443 ], [ 82.657482401354571, 18.024149068683812 ], [ 82.658333333299609, 18.020833332823482 ], [ 82.669091119064959, 18.021186659649363 ], [ 82.673287117270078, 18.025353326471816 ], [ 82.677579912262757, 18.024988018911309 ], [ 82.865532879964732, 17.865047454054707 ], [ 82.899762266255678, 17.832633915643999 ], [ 82.930351664417458, 17.797044033293027 ], [ 82.983082990060225, 17.728834051771891 ], [ 83.009640749597523, 17.690521582559445 ], [ 83.031985709310717, 17.649817201044833 ], [ 83.049888617144077, 17.607144253154555 ], [ 83.06316680100268, 17.562946197934529 ], [ 83.069836303341759, 17.527509505511883 ], [ 83.066072412470092, 17.524789063355747 ] ] ] ] } },
{ "type": "Feature", "properties": { "pfaf_id": 453410, "AreaSQKM_B": 6013.0490081600001, "support_id": "SB_03" }, "geometry": { "type": "MultiPolygon", "coordinates": [ [ [ [ 82.262711678857897, 16.645803668273167 ], [ 82.256248473243744, 16.653335574926338 ], [ 82.256248473430958, 16.657916070590648 ], [ 82.263264936207236, 16.666699849327617 ], [ 82.274812656380206, 16.665799628666033 ], [ 82.27910597028955, 16.659560479443336 ], [ 82.266508314769681, 16.652797444973025 ], [ 82.262711678857897, 16.645803668273167 ] ] ], [ [ [ 81.916099379196851, 17.818877157270052 ], [ 81.91751759812648, 17.813350932687591 ], [ 81.927083334064037, 17.808802117175937 ], [ 81.931122844406232, 17.81193271193807 ], [ 81.964710489344768, 17.813067288466275 ], [ 81.96862284339997, 17.81609937904274 ], [ 81.979166667402296, 17.816666667371113 ], [ 81.973911878751494, 17.808693610573595 ], [ 81.960493639493151, 17.796450975020537 ], [ 81.952160305648732, 17.792284307874361 ], [ 81.93950636072347, 17.791049025569759 ], [ 81.931326971698297, 17.783950975633928 ], [ 81.925926378265856, 17.782406954963886 ], [ 81.924382527387195, 17.777006531630867 ], [ 81.916049194540022, 17.767403326896073 ], [ 81.917284138671747, 17.760339863916862 ], [ 81.929377916196486, 17.747085063585203 ], [ 81.921601698788479, 17.744861687024056 ], [ 81.92003919787372, 17.734127468118384 ], [ 81.910339695032164, 17.73271569218177 ], [ 81.906326972052696, 17.729784308342641 ], [ 81.897839695055836, 17.728549025292654 ], [ 81.888217163347818, 17.724013774619632 ], [ 81.887500000249005, 17.716666667216511 ], [ 81.877160306453746, 17.708950975954789 ], [ 81.870364041236911, 17.707715692154284 ], [ 81.864660305926307, 17.711882358062002 ], [ 81.846640352899698, 17.713205633895839 ], [ 81.845058187483858, 17.724075657597279 ], [ 81.838867865103339, 17.725617642527631 ], [ 81.836573622318411, 17.717593045587201 ], [ 81.831173028481231, 17.716049025254215 ], [ 81.821939764660144, 17.708036635694686 ], [ 81.817284138895445, 17.697993469649244 ], [ 81.816049195394271, 17.689506531213738 ], [ 81.808950805650184, 17.681326802165607 ], [ 81.807975260405058, 17.676709832608104 ], [ 81.801714409540978, 17.670480007645281 ], [ 81.793408882119977, 17.671186658979281 ], [ 81.789213052847344, 17.675353325678316 ], [ 81.781591119404638, 17.671186659495373 ], [ 81.772575547948989, 17.670480007449211 ], [ 81.764209663118052, 17.6663085947064 ], [ 81.758686658915749, 17.66075778645418 ], [ 81.764456176699952, 17.654733954985712 ], [ 81.774112616866745, 17.65345815015948 ], [ 81.774646674532036, 17.643408881239242 ], [ 81.770480008269715, 17.639212884425703 ], [ 81.774646674532448, 17.631591119552109 ], [ 81.775567287714736, 17.614456177477432 ], [ 81.78006625734433, 17.60482788095819 ], [ 81.79387715673279, 17.603599379145319 ], [ 81.806122843910998, 17.592233955511631 ], [ 81.814456177389388, 17.588067288454287 ], [ 81.828267076126778, 17.586838785874544 ], [ 81.82851121678992, 17.58121100552421 ], [ 81.824344549636038, 17.57524583629667 ], [ 81.825655449932299, 17.560377671881383 ], [ 81.82982211575532, 17.554412503206976 ], [ 81.824344550436578, 17.543711005024157 ], [ 81.816011217198977, 17.533914863332154 ], [ 81.817869398279043, 17.530081855121644 ], [ 81.827044338497657, 17.52565544920553 ], [ 81.837129380723738, 17.524083794207343 ], [ 81.845177884262611, 17.514622328684265 ], [ 81.846816337942045, 17.509316338317483 ], [ 81.854107665900671, 17.507064820018375 ], [ 81.8506554495426, 17.502122328559505 ], [ 81.849344550399266, 17.48954433957508 ], [ 81.841422526559541, 17.475834487504429 ], [ 81.861642795172614, 17.474251641542235 ], [ 81.863312445848663, 17.463535731916163 ], [ 81.873257784815209, 17.462853326490617 ], [ 81.880908880857376, 17.470480008307998 ], [ 81.898257786280496, 17.47118665900506 ], [ 81.901742214118215, 17.47464667569783 ], [ 81.914710490260489, 17.474432712061756 ], [ 81.924417114157066, 17.469913567822946 ], [ 81.932766045238665, 17.460543823105958 ], [ 81.933900621240824, 17.451956177003488 ], [ 81.940457732062754, 17.43781016934491 ], [ 81.947789509673896, 17.433900621159978 ], [ 81.956377155995767, 17.432766046240666 ], [ 81.962499999959121, 17.429166666715346 ], [ 81.961882358392373, 17.422839864425299 ], [ 81.958367242492884, 17.41802775130266 ], [ 81.964506529881547, 17.41311764245221 ], [ 81.970536634747774, 17.411393568210389 ], [ 81.97854902539666, 17.402160135992592 ], [ 81.980115255102419, 17.391399298982662 ], [ 81.987030877504907, 17.396450975285813 ], [ 81.997993469393506, 17.395215692046371 ], [ 82.008950976344806, 17.390298801107882 ], [ 82.007715691073273, 17.385339864694345 ], [ 82.000617641873575, 17.372993469621459 ], [ 81.99938235775231, 17.356173197670458 ], [ 81.992284309525616, 17.34799346919463 ], [ 81.988716555484629, 17.340480048256776 ], [ 81.987500000573903, 17.337500000698952 ], [ 81.987853326534989, 17.322575547919335 ], [ 81.992019993083574, 17.318379550158429 ], [ 81.991313341317451, 17.310075548212939 ], [ 81.98785332591568, 17.306591118484764 ], [ 81.987146674502085, 17.293408881096017 ], [ 81.979519993261206, 17.285757785028672 ], [ 81.978315734716688, 17.271684264949275 ], [ 81.971684264636465, 17.269982400982904 ], [ 81.971684265158046, 17.263350932652287 ], [ 81.978315735326802, 17.261649068355474 ], [ 81.982482401958535, 17.25748240113867 ], [ 81.983333332982667, 17.245833334481059 ], [ 81.986885749058558, 17.244921705700946 ], [ 81.988067288233935, 17.218622843401317 ], [ 81.991666667430565, 17.208333332870161 ], [ 81.985757786300255, 17.204519992991621 ], [ 81.970833333141485, 17.204166667683175 ], [ 81.969658237112228, 17.208745829003284 ], [ 81.961160752358936, 17.200704138452327 ], [ 81.950567287681451, 17.189456175841375 ], [ 81.954733954678119, 17.18407999697369 ], [ 81.953599378712354, 17.172789510304931 ], [ 81.950567288013175, 17.164456176852024 ], [ 81.974432711893783, 17.139710490263774 ], [ 81.975708516346202, 17.130054050586509 ], [ 81.98248240165988, 17.128315905705492 ], [ 81.983900621568139, 17.122789511575213 ], [ 81.991099378904536, 17.114710490344869 ], [ 81.979903326787792, 17.107440864259338 ], [ 81.978599378674659, 17.099253336389935 ], [ 81.982766044663478, 17.093877157073941 ], [ 81.983900621114827, 17.080381605400035 ], [ 81.968622842828097, 17.074432712067324 ], [ 81.959253098944174, 17.066083780960131 ], [ 81.953770784941568, 17.055134413624131 ], [ 81.947789510451884, 17.053599378364268 ], [ 81.930908880842395, 17.037853326642779 ], [ 81.923257785942027, 17.04548000860721 ], [ 81.902450901101957, 17.046186659692598 ], [ 81.894091119219055, 17.037853326668397 ], [ 81.883333332748762, 17.037500000401433 ], [ 81.876956177129415, 17.041099378323199 ], [ 81.871801079185033, 17.037103950495077 ], [ 81.869945950515984, 17.029875014435113 ], [ 81.860289509987012, 17.028599378510009 ], [ 81.85637715691675, 17.025567288646318 ], [ 81.842566257317188, 17.02433878538822 ], [ 81.842233953770588, 17.006122844667601 ], [ 81.846400621054286, 17.000746663272814 ], [ 81.845266044780587, 16.985289510610396 ], [ 81.838067287799191, 16.973043823321714 ], [ 81.836932711752283, 16.964456177338889 ], [ 81.83276604532648, 16.959079996076245 ], [ 81.838067287861804, 16.950746663526772 ], [ 81.83693271243834, 16.922789510389254 ], [ 81.83276604532746, 16.917413330706164 ], [ 81.834072197151173, 16.909212917872058 ], [ 81.837698902325982, 16.904622924155589 ], [ 81.841313341194649, 16.898257785213382 ], [ 81.842019993106362, 16.885075548578492 ], [ 81.845480008468328, 16.881591118417116 ], [ 81.842274306430838, 16.874086506910505 ], [ 81.841666666520155, 16.858333334311119 ], [ 81.844120958413157, 16.857975599027867 ], [ 81.857980007932184, 16.844091118243398 ], [ 81.862853325621771, 16.830908881138026 ], [ 81.870480008244016, 16.823257784825845 ], [ 81.8711866591524, 16.818408881654054 ], [ 81.878813340859395, 16.810757785043023 ], [ 81.87952473868323, 16.805876329556149 ], [ 81.885075546627547, 16.800353324990553 ], [ 81.906377156744867, 16.7994327119088 ], [ 81.914456177228985, 16.79223395520339 ], [ 81.928206719091676, 16.791010878689541 ], [ 81.932766045534009, 16.785543823644716 ], [ 81.93403761127469, 16.77591959632927 ], [ 81.940816583266141, 16.770266044972669 ], [ 81.948043823247403, 16.771400622426579 ], [ 81.952670966011112, 16.774986775274559 ], [ 81.957766045149896, 16.768877156464708 ], [ 81.958994548354696, 16.75506625751947 ], [ 81.968750000363229, 16.750468614616562 ], [ 81.972789509931374, 16.753599379079827 ], [ 81.985543823094645, 16.754733954851801 ], [ 81.990920003350055, 16.75890062189653 ], [ 82.006377156234777, 16.757766045647799 ], [ 82.01445617613399, 16.750567288243051 ], [ 82.020225863643162, 16.749086507704103 ], [ 82.020833332880869, 16.733333333382671 ], [ 82.027210490465649, 16.733900621696019 ], [ 82.032586670213419, 16.738067288610406 ], [ 82.043749999888107, 16.73380194821231 ], [ 82.049253337491336, 16.738067288660716 ], [ 82.060289509998171, 16.733900621344642 ], [ 82.069945950258031, 16.732624986341978 ], [ 82.072048272326526, 16.724432712662814 ], [ 82.077210490294121, 16.725567288365252 ], [ 82.104733954779093, 16.738714939412134 ], [ 82.099432712337006, 16.749253337072165 ], [ 82.105086431988084, 16.761917114149412 ], [ 82.114456177497743, 16.770266045480305 ], [ 82.119982401347315, 16.771684096493427 ], [ 82.121684265065383, 16.778315905074152 ], [ 82.128315735000854, 16.780017429680928 ], [ 82.130381606419064, 16.788067288153897 ], [ 82.13971048968105, 16.786932711881402 ], [ 82.145086670528414, 16.782766045999672 ], [ 82.156377156861907, 16.783900622412595 ], [ 82.160289510206212, 16.786932712307049 ], [ 82.16609937865438, 16.781377155876029 ], [ 82.167554049969155, 16.775708346830907 ], [ 82.178279283124866, 16.774291653271469 ], [ 82.182766046030636, 16.764710490241104 ], [ 82.18333333279422, 16.749999999998693 ], [ 82.193622842818272, 16.742233955077467 ], [ 82.200599926023727, 16.739118388036342 ], [ 82.214440639967336, 16.737418396646028 ], [ 82.223785060767838, 16.73693271199215 ], [ 82.225000000099413, 16.741666667561621 ], [ 82.240863715683716, 16.741012572941486 ], [ 82.242110527855871, 16.732575141872243 ], [ 82.238105096310008, 16.727172852420491 ], [ 82.237589948563937, 16.718228416636304 ], [ 82.244578154218573, 16.712717273344179 ], [ 82.243132395923723, 16.708127087507609 ], [ 82.22861444251906, 16.703818570439822 ], [ 82.21608378127118, 16.688419596539159 ], [ 82.20918426550115, 16.686649238079866 ], [ 82.209232922810841, 16.67982788135636 ], [ 82.232420010069717, 16.678559027595888 ], [ 82.233333332931792, 16.674999999903147 ], [ 82.244933742712831, 16.674338786312994 ], [ 82.245833332762231, 16.6708333334002 ], [ 82.254166666015976, 16.670833332897818 ], [ 82.260908102629216, 16.667279542303518 ], [ 82.255471801858732, 16.660528182680135 ], [ 82.254026413173563, 16.652360440195494 ], [ 82.262289910743931, 16.641825085481532 ], [ 82.259001328763702, 16.635443116206208 ], [ 82.257355414441079, 16.625110880121937 ], [ 82.243776448936273, 16.617334663573573 ], [ 82.234192234132237, 16.615807766212171 ], [ 82.232665337801862, 16.606223551918013 ], [ 82.229834662325217, 16.602109782103025 ], [ 82.228380838749473, 16.570313856595416 ], [ 82.213120355199308, 16.584001329233395 ], [ 82.202109781928044, 16.579834663003716 ], [ 82.185390218429248, 16.578498671324667 ], [ 82.181276448309433, 16.575667996235822 ], [ 82.154335022264505, 16.561832004854189 ], [ 82.146001688164219, 16.567334663535981 ], [ 82.140380689747488, 16.558438449873595 ], [ 82.118754069143307, 16.538146973406967 ], [ 82.108174981504845, 16.54303588924034 ], [ 82.103498671108653, 16.54983147540759 ], [ 82.104834662119003, 16.56044311502643 ], [ 82.108594257636412, 16.565906779484973 ], [ 82.094285922155294, 16.566474067189755 ], [ 82.085443114899746, 16.55900132938168 ], [ 82.075168355639974, 16.553498671492402 ], [ 82.063365342942745, 16.554984537986666 ], [ 82.061672804469552, 16.565609402617429 ], [ 82.055168661116525, 16.567668659987358 ], [ 82.049999999659619, 16.579166666594563 ], [ 82.044924078810041, 16.571456909022888 ], [ 82.022789509832762, 16.570266045101231 ], [ 82.015920002691473, 16.566099377929856 ], [ 82.005908881504411, 16.574646675697586 ], [ 81.999999999894143, 16.570833333432635 ], [ 81.980082193666661, 16.571431817015824 ], [ 81.978029377706136, 16.579431152104849 ], [ 81.973043822922293, 16.575567287864924 ], [ 81.965707057783391, 16.574432712542947 ], [ 81.954869588464206, 16.584262424504221 ], [ 81.953480360128736, 16.594778782694902 ], [ 81.949253336828548, 16.596400620861907 ], [ 81.943877157317914, 16.59223395417547 ], [ 81.93258667006063, 16.591099378532991 ], [ 81.92596774610746, 16.596229384199919 ], [ 81.924432711690315, 16.602210490433624 ], [ 81.913067288388746, 16.614456177327842 ], [ 81.911649238334832, 16.619982571660998 ], [ 81.903902181176122, 16.62197062205631 ], [ 81.907766044652064, 16.626956177489568 ], [ 81.908333333338163, 16.654166667710456 ], [ 81.911838785879212, 16.655066257158538 ], [ 81.913161214107063, 16.669933743583748 ], [ 81.91604919429038, 16.672993639259513 ], [ 81.900617472001954, 16.68950636168482 ], [ 81.89228413882627, 16.706173028180881 ], [ 81.890931531817188, 16.720030721553538 ], [ 81.880138482498381, 16.72160169812982 ], [ 81.878240289486655, 16.728240288956698 ], [ 81.871684094776441, 16.728315905535151 ], [ 81.870022244550853, 16.721840075220612 ], [ 81.865920003438319, 16.72026604530171 ], [ 81.85930107915479, 16.725396051570307 ], [ 81.857427638763141, 16.732695516407578 ], [ 81.839456177136839, 16.733900621103004 ], [ 81.829869588212674, 16.74259575768188 ], [ 81.828458319727346, 16.753279283505044 ], [ 81.822789509631377, 16.754733955040535 ], [ 81.814710490130523, 16.761932712442675 ], [ 81.805134413322733, 16.767062716829997 ], [ 81.800567288322512, 16.776956176525989 ], [ 81.799646674953365, 16.785757785175949 ], [ 81.796186658640224, 16.789242215217062 ], [ 81.795480008452458, 16.798257785050623 ], [ 81.783686659398185, 16.81007554829883 ], [ 81.779519992377843, 16.818408881526803 ], [ 81.77916666573411, 16.845833334666128 ], [ 81.770266046545444, 16.864710489915311 ], [ 81.763067287860181, 16.872789510716306 ], [ 81.754733954433334, 16.889456176833342 ], [ 81.750000000276756, 16.895833333997519 ], [ 81.730908881253526, 16.895480008223387 ], [ 81.723286946860426, 16.89131334092389 ], [ 81.719091117983581, 16.895480008702716 ], [ 81.697575548380357, 16.896186659478825 ], [ 81.685757785549583, 16.903813341174907 ], [ 81.675000000232075, 16.904166666868711 ], [ 81.67140062095902, 16.910289510215915 ], [ 81.67047730414869, 16.920668963001244 ], [ 81.666099378649704, 16.931377157249145 ], [ 81.661496987636838, 16.93689609117731 ], [ 81.640722975157871, 16.9376971176073 ], [ 81.631122842664553, 16.938067288565435 ], [ 81.625967747299867, 16.94206271720601 ], [ 81.624149236669808, 16.949149238632877 ], [ 81.618622843500575, 16.950567287938018 ], [ 81.60637715654974, 16.961932713406615 ], [ 81.597789509953273, 16.963067287942067 ], [ 81.592289902707662, 16.967653741058953 ], [ 81.591481036370439, 16.981645013665553 ], [ 81.591099378954482, 16.988246662882219 ], [ 81.59640062219853, 16.99657999658956 ], [ 81.591666667312197, 17.004166666456079 ], [ 81.570833333528569, 17.004166666247446 ], [ 81.566313340836999, 17.014924452032741 ], [ 81.558686658615429, 17.022575547895634 ], [ 81.557980007028561, 17.02742445265714 ], [ 81.529519993181168, 17.055908881550071 ], [ 81.525000000026523, 17.0666666675409 ], [ 81.518622842876312, 17.067233955126198 ], [ 81.509184095392087, 17.071684094938014 ], [ 81.507766045408232, 17.077210490315224 ], [ 81.496400621556418, 17.089456177447133 ], [ 81.490747070790235, 17.099295722203415 ], [ 81.482425927711617, 17.100395123673071 ], [ 81.471752928716938, 17.108916218847259 ], [ 81.467233954996914, 17.118622844407952 ], [ 81.466661999772725, 17.129253417671968 ], [ 81.466099379059671, 17.139710489998752 ], [ 81.463067287939282, 17.143622844258022 ], [ 81.461932711644408, 17.156377156273177 ], [ 81.458900620666512, 17.160289510337822 ], [ 81.45756666439712, 17.178254698824681 ], [ 81.453226047003724, 17.179696146438964 ], [ 81.448081462168787, 17.175529480127924 ], [ 81.441669903550562, 17.175001768335576 ], [ 81.44109937789527, 17.181377156232671 ], [ 81.433836847839387, 17.189421340109117 ], [ 81.432766044940095, 17.196579997375711 ], [ 81.44109937804636, 17.210289510138228 ], [ 81.442233954657198, 17.223043823150434 ], [ 81.445266045128776, 17.226956176487008 ], [ 81.446400621121342, 17.248785062489961 ], [ 81.439456176655781, 17.250567288194798 ], [ 81.427210489765102, 17.26193271191255 ], [ 81.418622843828786, 17.263067287985965 ], [ 81.408333333306331, 17.270833334592037 ], [ 81.408686658842257, 17.294091118667396 ], [ 81.416313341426118, 17.30174221500226 ], [ 81.420480008418309, 17.310075548688459 ], [ 81.421186658911196, 17.319091118463852 ], [ 81.424646675210241, 17.32257554816244 ], [ 81.425355359900863, 17.331619433642995 ], [ 81.435075546810722, 17.341313340863206 ], [ 81.445833332773176, 17.345833334277348 ], [ 81.446400620942583, 17.36471049052615 ], [ 81.450850761853218, 17.37414906841444 ], [ 81.457482570878952, 17.375850932209801 ], [ 81.458900621568262, 17.381377157706734 ], [ 81.470266045217372, 17.39362284356239 ], [ 81.475000000467816, 17.40416666627231 ], [ 81.464574518114205, 17.407871501545333 ], [ 81.455086263304892, 17.39941711483106 ], [ 81.449432711931962, 17.385289510596603 ], [ 81.445437283245269, 17.380134413563606 ], [ 81.433622128831161, 17.375102230126821 ], [ 81.428373057950665, 17.374155764510402 ], [ 81.421489122326207, 17.380126445082844 ], [ 81.420266045132408, 17.393877156857144 ], [ 81.415529377760222, 17.404431322176038 ], [ 81.410543823811594, 17.400567287969718 ], [ 81.393622844303579, 17.399432713249148 ], [ 81.385543823411652, 17.392233953888603 ], [ 81.374253336103095, 17.391099379602338 ], [ 81.368877156961375, 17.395266046536452 ], [ 81.362146675009754, 17.393408881860271 ], [ 81.352424452249551, 17.38368665909298 ], [ 81.348286946196936, 17.382980008511108 ], [ 81.339954306254569, 17.387854168469872 ], [ 81.330908882554226, 17.382980008420141 ], [ 81.325355021496023, 17.377453783609312 ], [ 81.324646674554899, 17.364242215435894 ], [ 81.316666665672471, 17.358333334383509 ], [ 81.316313341242179, 17.351742215089065 ], [ 81.312853325669636, 17.348257785132279 ], [ 81.31250000009058, 17.33749999999527 ], [ 81.303965911342317, 17.335261080567321 ], [ 81.302210490543814, 17.333900621048816 ], [ 81.284832694769833, 17.332965684328183 ], [ 81.280075751662707, 17.332709757054694 ], [ 81.278426510419848, 17.327215362377654 ], [ 81.274021063852459, 17.321466064148847 ], [ 81.268844306842027, 17.321118979007078 ], [ 81.264976527808869, 17.320859657364316 ], [ 81.256122842812232, 17.320266046235979 ], [ 81.252210490431125, 17.317233954064953 ], [ 81.243622842863076, 17.316099379695462 ], [ 81.231377155886946, 17.304733955698456 ], [ 81.223043823321561, 17.30056728843314 ], [ 81.199253336888631, 17.299432712456237 ], [ 81.185543823220158, 17.307766046188345 ], [ 81.178420003816612, 17.308900621405023 ], [ 81.171877465369434, 17.304905129874168 ], [ 81.159548272321729, 17.303599378840403 ], [ 81.157766045959008, 17.310543823324728 ], [ 81.153156535211295, 17.316070895142868 ], [ 81.133333333314056, 17.316666667483918 ], [ 81.130908880655738, 17.312853325576086 ], [ 81.114924452508362, 17.32881334157641 ], [ 81.09757554795344, 17.329519992296571 ], [ 81.085757786096593, 17.341313341152354 ], [ 81.076742213838997, 17.342019992008435 ], [ 81.069091118859575, 17.349646674352165 ], [ 81.043408880718161, 17.350353326184194 ], [ 81.039924452259442, 17.353813341330518 ], [ 81.014242214543614, 17.354519992130324 ], [ 81.008333333384925, 17.362500000276668 ], [ 81.009491983753094, 17.366552734054803 ], [ 81.016197373890222, 17.371450975150331 ], [ 81.024530707673364, 17.366049024997878 ], [ 81.035339694090879, 17.370215692015343 ], [ 81.043826973418717, 17.371450974960318 ], [ 81.047839694171927, 17.374382357959341 ], [ 81.05753919794499, 17.375794135107711 ], [ 81.058950805812827, 17.3854934697309 ], [ 81.063658651156544, 17.395719401377697 ], [ 81.072993638951246, 17.400617642281926 ], [ 81.085339693937811, 17.411882359108617 ], [ 81.093826972331726, 17.413117641906954 ], [ 81.106980288464968, 17.421682128262425 ], [ 81.11450636089549, 17.428549025232975 ], [ 81.122993638177064, 17.429784308507081 ], [ 81.135339693835547, 17.436882359567761 ], [ 81.141005453518787, 17.43839958991828 ], [ 81.142233954799906, 17.452210490044248 ], [ 81.150919596174987, 17.465962389220767 ], [ 81.160543823402335, 17.467233954417281 ], [ 81.166047498678651, 17.471823798183934 ], [ 81.167233954787008, 17.493877157715712 ], [ 81.174432712165853, 17.50195617722596 ], [ 81.178599379068402, 17.510289510649702 ], [ 81.179875012693728, 17.519945950454918 ], [ 81.194982570887461, 17.525850931056858 ], [ 81.19583333379552, 17.529166667277245 ], [ 81.206377155810841, 17.529733955523 ], [ 81.210289510064342, 17.532766045659837 ], [ 81.21887715634503, 17.533900621611341 ], [ 81.22831590409271, 17.538350931452563 ], [ 81.234220716727592, 17.553458151489593 ], [ 81.243877156205059, 17.554733955600849 ], [ 81.249253337399139, 17.558900621679882 ], [ 81.261649237526697, 17.555017597940267 ], [ 81.262499999673111, 17.566666667258552 ], [ 81.27291632794919, 17.574985757916245 ], [ 81.279166666938423, 17.570833333445169 ], [ 81.306591119108219, 17.570480006894268 ], [ 81.314924452487702, 17.566313341088456 ], [ 81.322575547770924, 17.558686659460324 ], [ 81.32745700426031, 17.557975261240156 ], [ 81.332980008157932, 17.552424452678647 ], [ 81.337485419893966, 17.543750000714684 ], [ 81.332980008035662, 17.539212884338362 ], [ 81.333689371190189, 17.530878532882408 ], [ 81.339242215504157, 17.525353325857981 ], [ 81.345536633917277, 17.526106432257507 ], [ 81.353549195392333, 17.535339865687188 ], [ 81.355093044668266, 17.540740289462978 ], [ 81.361731634906604, 17.542638313122765 ], [ 81.363294134864049, 17.553372532573025 ], [ 81.372993639201709, 17.554784309396045 ], [ 81.37700636116557, 17.557715691100313 ], [ 81.393826971906975, 17.558950975408351 ], [ 81.403240289215617, 17.563426378500679 ], [ 81.405093044191602, 17.569906955278768 ], [ 81.410493638749969, 17.571450975218511 ], [ 81.422839695287465, 17.582715691648716 ], [ 81.429166666247198, 17.583333333109906 ], [ 81.429519992984964, 17.598257786544202 ], [ 81.44337904240335, 17.612142266687044 ], [ 81.448257786308019, 17.612853326619312 ], [ 81.457975600296109, 17.622544861471624 ], [ 81.454166667432588, 17.62916666751358 ], [ 81.454912585036311, 17.636153148264977 ], [ 81.457980007182627, 17.639242214105124 ], [ 81.458686659026981, 17.648257785866669 ], [ 81.472575548495129, 17.662146674382541 ], [ 81.480908881030757, 17.666313341113476 ], [ 81.510757786283094, 17.667019992497707 ], [ 81.518408880791341, 17.674646674590843 ], [ 81.535543822696027, 17.675567288273445 ], [ 81.54362284298702, 17.682766045946014 ], [ 81.552210489660425, 17.68390062209108 ], [ 81.557586669937933, 17.688067288459312 ], [ 81.568760423262802, 17.683793917966486 ], [ 81.574188910512177, 17.684340074492784 ], [ 81.575850761767015, 17.690815735159369 ], [ 81.586753337150839, 17.696400622071355 ], [ 81.601956175991546, 17.688067288562564 ], [ 81.607624986449878, 17.68661261614691 ], [ 81.609041680541779, 17.675887382950418 ], [ 81.61862284331491, 17.671400622485866 ], [ 81.628279282654788, 17.670124817028242 ], [ 81.636753337160684, 17.661932712269373 ], [ 81.641320123010019, 17.66368476030182 ], [ 81.649432712423192, 17.672789510673937 ], [ 81.650567288244588, 17.681377156376957 ], [ 81.653599379200514, 17.685289509834853 ], [ 81.654870945048231, 17.694913905917243 ], [ 81.660289510515668, 17.699432711934037 ], [ 81.677210489711101, 17.700567288552655 ], [ 81.686892361213992, 17.705079990618628 ], [ 81.688103231443222, 17.736480374441857 ], [ 81.697789509860655, 17.745266046013185 ], [ 81.703770616232148, 17.746801080343193 ], [ 81.709252929874069, 17.75775044839315 ], [ 81.72083333335064, 17.766666667634258 ], [ 81.720833332749436, 17.77500000001783 ], [ 81.72585076250455, 17.782482401545863 ], [ 81.732937282962737, 17.784301080246919 ], [ 81.738067288325468, 17.793877157006587 ], [ 81.753599379133718, 17.810289509840505 ], [ 81.755017429387308, 17.815815735129664 ], [ 81.761649238138077, 17.817517599609484 ], [ 81.763467746167493, 17.824604119221728 ], [ 81.768622843405041, 17.828599379622336 ], [ 81.774646674048356, 17.823257785492299 ], [ 81.775358072872535, 17.818376499121161 ], [ 81.780908882135108, 17.812853326609776 ], [ 81.802424452171451, 17.812146673887941 ], [ 81.806620280214091, 17.807980008330464 ], [ 81.814953613520842, 17.812853326601676 ], [ 81.827424451707017, 17.812146674431141 ], [ 81.831249999916523, 17.808347914218352 ], [ 81.839924451880975, 17.812853326145117 ], [ 81.860075548445593, 17.832980008475339 ], [ 81.868408881075283, 17.829519992410081 ], [ 81.885757786251659, 17.829519992366652 ], [ 81.889242213908418, 17.832980008384389 ], [ 81.904166667067528, 17.833333333303518 ], [ 81.916099379196851, 17.818877157270052 ] ] ] ] } },
{ "type": "Feature", "properties": { "pfaf_id": 453420, "AreaSQKM_B": 21721.1709104, "support_id": "SB_04" }, "geometry": { "type": "Polygon", "coordinates": [ [ [ 82.673287117270078, 18.025353326471816 ], [ 82.669091119064959, 18.021186659649363 ], [ 82.658333333299609, 18.020833332823482 ], [ 82.657482401354571, 18.024149068683812 ], [ 82.645833333531883, 18.029166667010443 ], [ 82.638271416127111, 18.028395250277804 ], [ 82.637499999942591, 18.020833333608731 ], [ 82.632803853307834, 18.015725877697381 ], [ 82.636970520501279, 18.010581631272565 ], [ 82.637499999880561, 18.0000000004434 ], [ 82.618673197059451, 17.999382357842258 ], [ 82.609259712455255, 17.994906954893413 ], [ 82.604784308069455, 17.985493469894763 ], [ 82.60354902551596, 17.97283986511853 ], [ 82.600617641814594, 17.968826803179294 ], [ 82.59938235800027, 17.960339863978696 ], [ 82.596450974865874, 17.95632680346203 ], [ 82.59502631292068, 17.946538967215133 ], [ 82.575993516804445, 17.945141263047397 ], [ 82.575000000517392, 17.941666665928331 ], [ 82.560543822755434, 17.93390062171574 ], [ 82.551956177348913, 17.932766044937058 ], [ 82.543622843480847, 17.928599377811842 ], [ 82.535543823277735, 17.921400621155229 ], [ 82.5327660461069, 17.906122843956339 ], [ 82.529635451309801, 17.902083334352405 ], [ 82.532766045932362, 17.898043823190662 ], [ 82.533956908644868, 17.875909255108251 ], [ 82.540815733865315, 17.874149068609572 ], [ 82.541005452756238, 17.863399589841627 ], [ 82.533729213796789, 17.861532253193253 ], [ 82.529733955062724, 17.856377156837617 ], [ 82.528599378899841, 17.843622843248792 ], [ 82.525567288323757, 17.839710489965807 ], [ 82.524338785748583, 17.825899590682091 ], [ 82.510289509643684, 17.820266045915236 ], [ 82.498043823211447, 17.808900621599562 ], [ 82.483729214222208, 17.803198919879918 ], [ 82.478315735235668, 17.792517598873772 ], [ 82.464544339216758, 17.791011217395113 ], [ 82.460455661473645, 17.788155450562002 ], [ 82.434200031821206, 17.786844550681543 ], [ 82.432577176024509, 17.807577175626658 ], [ 82.414544339189135, 17.808988783321695 ], [ 82.391420831381126, 17.817322116880256 ], [ 82.385416666809704, 17.813128154548174 ], [ 82.381250000392598, 17.816038513356002 ], [ 82.370833333044303, 17.812500000172768 ], [ 82.370480007073169, 17.823257785148307 ], [ 82.362853325726533, 17.830908882376779 ], [ 82.362146673905769, 17.835757785069813 ], [ 82.350353326379945, 17.847575548036062 ], [ 82.339242214247761, 17.849646674222551 ], [ 82.327424451784253, 17.837853326600701 ], [ 82.322575547941881, 17.837146674092232 ], [ 82.314924452366441, 17.82951999219156 ], [ 82.30619829014131, 17.828523933438166 ], [ 82.293801709616361, 17.821476066956293 ], [ 82.278916423027738, 17.819957818238091 ], [ 82.282727219901531, 17.814583333020625 ], [ 82.275606113355977, 17.802083332878141 ], [ 82.278523932930327, 17.79796837710624 ], [ 82.279809400904952, 17.78536495645394 ], [ 82.287500000210372, 17.775000000290355 ], [ 82.268408881897983, 17.775353325945517 ], [ 82.264924452292789, 17.778813341047726 ], [ 82.251742215474295, 17.77951999217909 ], [ 82.235075548477781, 17.787853326518796 ], [ 82.221188015289485, 17.801715257946462 ], [ 82.216666666390523, 17.808333334116572 ], [ 82.216666666300327, 17.816666666940478 ], [ 82.22036454937259, 17.822916667519067 ], [ 82.215762837839378, 17.832688904030146 ], [ 82.199253335723256, 17.833900620837387 ], [ 82.193877156891318, 17.82973395398356 ], [ 82.178229437733236, 17.828599379642608 ], [ 82.16875881587184, 17.837038167068687 ], [ 82.164710489775047, 17.833900621249771 ], [ 82.15612284340358, 17.832766046571603 ], [ 82.143877155806763, 17.825567288605566 ], [ 82.138173760078203, 17.825896369105596 ], [ 82.136932711786159, 17.838246663468588 ], [ 82.141099379475051, 17.843622843600695 ], [ 82.142233953870431, 17.850937229612551 ], [ 82.133900621395043, 17.860289510680293 ], [ 82.126617088555321, 17.862248811577782 ], [ 82.123009012902813, 17.858272535611285 ], [ 82.113350931736974, 17.863350931856843 ], [ 82.111932712117181, 17.868877156921236 ], [ 82.1047339551763, 17.876956176973895 ], [ 82.103599378914637, 17.885543823141543 ], [ 82.099020893816004, 17.891033935858008 ], [ 82.081122843265646, 17.892233953888443 ], [ 82.0772104903551, 17.89526604550397 ], [ 82.059184265123434, 17.899149067891514 ], [ 82.057445950427805, 17.892375183392776 ], [ 82.046720716113697, 17.890958150217866 ], [ 82.044982402050096, 17.88418426659069 ], [ 82.038350932068781, 17.882482401237716 ], [ 82.032482402022964, 17.867517598960983 ], [ 82.01729024215669, 17.86159074482882 ], [ 82.016099379065821, 17.839456176829497 ], [ 82.00416666699806, 17.825000000275377 ], [ 81.989456175993183, 17.824432713454783 ], [ 81.98001759817754, 17.819982401377345 ], [ 81.979166667402296, 17.816666667371113 ], [ 81.96862284339997, 17.81609937904274 ], [ 81.964710489344768, 17.813067288466275 ], [ 81.931122844406232, 17.81193271193807 ], [ 81.927083334064037, 17.808802117175937 ], [ 81.91751759812648, 17.813350932687591 ], [ 81.916099379196851, 17.818877157270052 ], [ 81.904166667067528, 17.833333333303518 ], [ 81.889242213908418, 17.832980008384389 ], [ 81.885757786251659, 17.829519992366652 ], [ 81.868408881075283, 17.829519992410081 ], [ 81.860075548445593, 17.832980008475339 ], [ 81.839924451880975, 17.812853326145117 ], [ 81.831249999916523, 17.808347914218352 ], [ 81.827424451707017, 17.812146674431141 ], [ 81.814953613520842, 17.812853326601676 ], [ 81.806620280214091, 17.807980008330464 ], [ 81.802424452171451, 17.812146673887941 ], [ 81.780908882135108, 17.812853326609776 ], [ 81.775358072872535, 17.818376499121161 ], [ 81.774646674048356, 17.823257785492299 ], [ 81.768622843405041, 17.828599379622336 ], [ 81.763467746167493, 17.824604119221728 ], [ 81.761649238138077, 17.817517599609484 ], [ 81.755017429387308, 17.815815735129664 ], [ 81.753599379133718, 17.810289509840505 ], [ 81.738067288325468, 17.793877157006587 ], [ 81.732937282962737, 17.784301080246919 ], [ 81.72585076250455, 17.782482401545863 ], [ 81.720833332749436, 17.77500000001783 ], [ 81.72083333335064, 17.766666667634258 ], [ 81.709252929874069, 17.75775044839315 ], [ 81.703770616232148, 17.746801080343193 ], [ 81.697789509860655, 17.745266046013185 ], [ 81.688103231443222, 17.736480374441857 ], [ 81.686892361213992, 17.705079990618628 ], [ 81.677210489711101, 17.700567288552655 ], [ 81.660289510515668, 17.699432711934037 ], [ 81.654870945048231, 17.694913905917243 ], [ 81.653599379200514, 17.685289509834853 ], [ 81.650567288244588, 17.681377156376957 ], [ 81.649432712423192, 17.672789510673937 ], [ 81.641320123010019, 17.66368476030182 ], [ 81.636753337160684, 17.661932712269373 ], [ 81.628279282654788, 17.670124817028242 ], [ 81.61862284331491, 17.671400622485866 ], [ 81.609041680541779, 17.675887382950418 ], [ 81.607624986449878, 17.68661261614691 ], [ 81.601956175991546, 17.688067288562564 ], [ 81.586753337150839, 17.696400622071355 ], [ 81.575850761767015, 17.690815735159369 ], [ 81.574188910512177, 17.684340074492784 ], [ 81.568760423262802, 17.683793917966486 ], [ 81.557586669937933, 17.688067288459312 ], [ 81.552210489660425, 17.68390062209108 ], [ 81.54362284298702, 17.682766045946014 ], [ 81.535543822696027, 17.675567288273445 ], [ 81.518408880791341, 17.674646674590843 ], [ 81.510757786283094, 17.667019992497707 ], [ 81.480908881030757, 17.666313341113476 ], [ 81.472575548495129, 17.662146674382541 ], [ 81.458686659026981, 17.648257785866669 ], [ 81.457980007182627, 17.639242214105124 ], [ 81.454912585036311, 17.636153148264977 ], [ 81.454166667432588, 17.62916666751358 ], [ 81.457975600296109, 17.622544861471624 ], [ 81.448257786308019, 17.612853326619312 ], [ 81.44337904240335, 17.612142266687044 ], [ 81.429519992984964, 17.598257786544202 ], [ 81.429166666247198, 17.583333333109906 ], [ 81.422839695287465, 17.582715691648716 ], [ 81.410493638749969, 17.571450975218511 ], [ 81.405093044191602, 17.569906955278768 ], [ 81.403240289215617, 17.563426378500679 ], [ 81.393826971906975, 17.558950975408351 ], [ 81.37700636116557, 17.557715691100313 ], [ 81.372993639201709, 17.554784309396045 ], [ 81.363294134864049, 17.553372532573025 ], [ 81.361731634906604, 17.542638313122765 ], [ 81.355093044668266, 17.540740289462978 ], [ 81.353549195392333, 17.535339865687188 ], [ 81.345536633917277, 17.526106432257507 ], [ 81.339242215504157, 17.525353325857981 ], [ 81.333689371190189, 17.530878532882408 ], [ 81.332980008035662, 17.539212884338362 ], [ 81.337485419893966, 17.543750000714684 ], [ 81.332980008157932, 17.552424452678647 ], [ 81.32745700426031, 17.557975261240156 ], [ 81.322575547770924, 17.558686659460324 ], [ 81.314924452487702, 17.566313341088456 ], [ 81.306591119108219, 17.570480006894268 ], [ 81.279166666938423, 17.570833333445169 ], [ 81.27291632794919, 17.574985757916245 ], [ 81.262499999673111, 17.566666667258552 ], [ 81.258333333874162, 17.566666667450058 ], [ 81.254733954016871, 17.572789511548979 ], [ 81.253458320464588, 17.582445950515407 ], [ 81.246684095803644, 17.584184265482193 ], [ 81.244982571244748, 17.590815734877143 ], [ 81.234301079806883, 17.596229215585723 ], [ 81.232482571165235, 17.603315735418782 ], [ 81.226956177398961, 17.604733955135103 ], [ 81.208900620950686, 17.622789510067143 ], [ 81.200567288292248, 17.639456176621568 ], [ 81.199432712270422, 17.648043822919494 ], [ 81.191083780996323, 17.657413567327627 ], [ 81.18407219820655, 17.6592130879528 ], [ 81.18276604635831, 17.667413330110875 ], [ 81.186932712338773, 17.672789509966982 ], [ 81.200000000180594, 17.70000000041567 ], [ 81.215663655239311, 17.699395922115009 ], [ 81.221684096069822, 17.6883509320913 ], [ 81.229166666728815, 17.699999999919168 ], [ 81.23992445170019, 17.700353325450887 ], [ 81.254166667501067, 17.708333333933599 ], [ 81.253813340757489, 17.719091118614948 ], [ 81.250000000344926, 17.724999999850549 ], [ 81.243622842667946, 17.725567287936059 ], [ 81.238467747246759, 17.729562546868223 ], [ 81.236649237064526, 17.736649067920069 ], [ 81.229827881026623, 17.738399590867267 ], [ 81.228599378758943, 17.752210490106187 ], [ 81.224432711815496, 17.760543823525136 ], [ 81.218622843438084, 17.766099379659725 ], [ 81.209548271732004, 17.761932712524462 ], [ 81.207766046289962, 17.768877156334298 ], [ 81.200567287822992, 17.776956177446952 ], [ 81.195266045718611, 17.789710490124531 ], [ 81.186486138500143, 17.799390327195194 ], [ 81.160289509837554, 17.800567287727386 ], [ 81.15221049039684, 17.807766046401102 ], [ 81.146684095964062, 17.809184265146282 ], [ 81.141099378919918, 17.823043823466374 ], [ 81.133900622453666, 17.831122843617965 ], [ 81.132745627544082, 17.835576021198865 ], [ 81.128176201804351, 17.841047499060135 ], [ 81.106122842632644, 17.842233953979711 ], [ 81.095833332742558, 17.845833332899709 ], [ 81.092019993546572, 17.851742215581559 ], [ 81.103808932689248, 17.864211527049111 ], [ 81.104519992907342, 17.869091118922324 ], [ 81.116308594364725, 17.880876499136317 ], [ 81.11751742887111, 17.886649068466731 ], [ 81.123043823028993, 17.888067287843366 ], [ 81.133900622002997, 17.89461839403409 ], [ 81.125807699039854, 17.896695284890065 ], [ 81.124432712494126, 17.902951728608674 ], [ 81.131377155818427, 17.904733954371345 ], [ 81.139456176110912, 17.911932712610884 ], [ 81.153458319018625, 17.917554050696413 ], [ 81.154875012651431, 17.928279284399792 ], [ 81.161649238179479, 17.930017599315324 ], [ 81.167062717511641, 17.940698920543095 ], [ 81.173043823073172, 17.942233954257972 ], [ 81.182856815275201, 17.948142764118014 ], [ 81.184220716324504, 17.953458151153033 ], [ 81.194945950003401, 17.954875183529463 ], [ 81.199432711856289, 17.964456176900146 ], [ 81.200567288454948, 17.973785061114128 ], [ 81.185075548139139, 17.979519993514643 ], [ 81.181591118522093, 17.982980008135772 ], [ 81.172575547842598, 17.983686658950486 ], [ 81.167021688150953, 17.989212883972428 ], [ 81.166666666991063, 17.99583333325274 ], [ 81.173043822981001, 17.996400621540982 ], [ 81.182413736822767, 18.004749553342052 ], [ 81.184184095985003, 18.011649068010737 ], [ 81.193750000321288, 18.016197883073986 ], [ 81.205016750843228, 18.011932712314003 ], [ 81.211867269178583, 18.017645772209647 ], [ 81.213067287874438, 18.035543823094198 ], [ 81.216313341289819, 18.044091119399454 ], [ 81.21285332505424, 18.047575548001504 ], [ 81.212146674154397, 18.098257786223535 ], [ 81.204165310365823, 18.110432602931979 ], [ 81.210075547864889, 18.116313341696365 ], [ 81.21285332513213, 18.123257786337359 ], [ 81.218376328826949, 18.128808594578178 ], [ 81.22325778466508, 18.129519992072407 ], [ 81.229168022674642, 18.13540072886488 ], [ 81.225353325314472, 18.139242215254793 ], [ 81.222794875526873, 18.146162776818723 ], [ 81.573650965158038, 18.342433297177706 ], [ 81.605085324584593, 18.358300535823524 ], [ 81.63768366767998, 18.37186361429897 ], [ 81.807439689806742, 18.435239875596114 ], [ 81.852140800588259, 18.449491879031214 ], [ 81.898110439021579, 18.459420558351741 ], [ 81.944889714928465, 18.464926915308574 ], [ 81.992011490493994, 18.465956117955113 ], [ 82.039005158360538, 18.462498056263367 ], [ 82.085401457527851, 18.454587439110611 ], [ 82.130737272682467, 18.442303431775624 ], [ 82.174560362888016, 18.425768838364267 ], [ 82.216433966724765, 18.405148838778807 ], [ 82.255941232935484, 18.380649294867503 ], [ 82.292689428354038, 18.352514645157008 ], [ 82.677579912262757, 18.024988018911309 ], [ 82.673287117270078, 18.025353326471816 ] ] ] } },
{ "type": "Feature", "properties": { "pfaf_id": 453500, "AreaSQKM_B": 13681.0688326, "support_id": "SB_05" }, "geometry": { "type": "MultiPolygon", "coordinates": [ [ [ [ 82.356325422942419, 16.703949247502923 ], [ 82.33973133117145, 16.685903929659055 ], [ 82.338857375815778, 16.68440893802271 ], [ 82.325832365192625, 16.666528068969328 ], [ 82.319119770426994, 16.652453744438013 ], [ 82.319442750302315, 16.644861220622847 ], [ 82.317604413290439, 16.626280696598943 ], [ 82.31917190500387, 16.620280745171513 ], [ 82.312304686209032, 16.603028107080604 ], [ 82.308977937428253, 16.603284496621171 ], [ 82.297639210694442, 16.613008817584227 ], [ 82.28869628772901, 16.632252884368768 ], [ 82.282577177449497, 16.642405229507855 ], [ 82.267176310291546, 16.643611907466244 ], [ 82.262711678857897, 16.645803668273167 ], [ 82.266508314769681, 16.652797444973025 ], [ 82.27910597028955, 16.659560479443336 ], [ 82.274812656380206, 16.665799628666033 ], [ 82.263264936207236, 16.666699849327617 ], [ 82.265556334876294, 16.674676894945058 ], [ 82.259127416428214, 16.689315368175663 ], [ 82.260416986215589, 16.676320076937568 ], [ 82.263328550534609, 16.673470495026759 ], [ 82.260908102629216, 16.667279542303518 ], [ 82.254166666015976, 16.670833332897818 ], [ 82.245833332762231, 16.6708333334002 ], [ 82.244933742712831, 16.674338786312994 ], [ 82.233333332931792, 16.674999999903147 ], [ 82.232420010069717, 16.678559027595888 ], [ 82.209232922810841, 16.67982788135636 ], [ 82.20918426550115, 16.686649238079866 ], [ 82.21608378127118, 16.688419596539159 ], [ 82.22861444251906, 16.703818570439822 ], [ 82.243132395923723, 16.708127087507609 ], [ 82.247719903564985, 16.705218179443794 ], [ 82.256403604805669, 16.694800908725551 ], [ 82.25792287252591, 16.701791003541128 ], [ 82.259194884841619, 16.702145432911134 ], [ 82.265686039890639, 16.702775955216847 ], [ 82.28280532373752, 16.698775841592354 ], [ 82.285068511739738, 16.697728874209449 ], [ 82.290414809834402, 16.69687938710787 ], [ 82.304027555547592, 16.699310300218212 ], [ 82.317019461500365, 16.705069303851058 ], [ 82.321529389041842, 16.708818435392342 ], [ 82.326459888390303, 16.717222690697294 ], [ 82.327662151415367, 16.72407499823241 ], [ 82.332006198762627, 16.724711967253814 ], [ 82.344673154473099, 16.70412191057699 ], [ 82.340971373865443, 16.703973387961788 ], [ 82.334916688139003, 16.698082733852882 ], [ 82.337544756673438, 16.691666605322485 ], [ 82.342983295913285, 16.696177051863209 ], [ 82.343819721454466, 16.698016110898106 ], [ 82.352305604451445, 16.705749892569788 ], [ 82.34780784122789, 16.710288124374596 ], [ 82.348796307223665, 16.715407470667447 ], [ 82.358816148106115, 16.712534427107432 ], [ 82.363358073056361, 16.716855672079745 ], [ 82.363417052240976, 16.725250628337907 ], [ 82.359395155236726, 16.726192052065866 ], [ 82.360878657818773, 16.727909286659621 ], [ 82.367777505192535, 16.722363789928401 ], [ 82.364163716767905, 16.714030582893017 ], [ 82.356325422942419, 16.703949247502923 ] ] ], [ [ [ 81.392303463843376, 16.344972230043318 ], [ 81.390045166223715, 16.340555829692413 ], [ 81.36973191233929, 16.333700795252028 ], [ 81.368124524324116, 16.33337304012257 ], [ 81.347647877311744, 16.325286472183645 ], [ 81.346093722242543, 16.325003436472478 ], [ 81.319580079699008, 16.313333510439925 ], [ 81.301387785488942, 16.30264186512947 ], [ 81.283009850231252, 16.290789285853176 ], [ 81.268473306077453, 16.278704006004464 ], [ 81.265185040324226, 16.279583930404495 ], [ 81.261944581034982, 16.270694541153691 ], [ 81.240613665948317, 16.247162954236519 ], [ 81.22930622044332, 16.229930879569469 ], [ 81.219722746291311, 16.212640761834514 ], [ 81.210416791687791, 16.186946870099835 ], [ 81.205468752273674, 16.176366424620408 ], [ 81.203056334834557, 16.16152858497928 ], [ 81.204025270116929, 16.149446012049001 ], [ 81.202026363988466, 16.145195768479741 ], [ 81.190061278017325, 16.142582130930613 ], [ 81.201643371210224, 16.142752078164055 ], [ 81.19763946718524, 16.126250267050228 ], [ 81.189023973246066, 16.10319518996268 ], [ 81.181944529369645, 16.089675902913577 ], [ 81.1628681067982, 16.055906421240632 ], [ 81.161715430102717, 16.053168900641939 ], [ 81.140879312752418, 16.017102560079739 ], [ 81.139443713688834, 15.995602450420357 ], [ 81.141944885874594, 15.985971450179267 ], [ 81.14541626083313, 15.981251717035834 ], [ 81.145727159648814, 15.974166868986494 ], [ 81.135555265526691, 15.974166870292601 ], [ 81.130945378909388, 15.972109013998342 ], [ 81.128370287069032, 15.963639353617962 ], [ 81.11561366641385, 15.953275543455035 ], [ 81.100492304643836, 15.939231091924471 ], [ 81.088111876211585, 15.929941316307314 ], [ 81.076443239323453, 15.916945863313526 ], [ 81.068832357325292, 15.910133122352784 ], [ 81.048551287944107, 15.88422489154275 ], [ 81.032498676675246, 15.869860650936273 ], [ 81.020138423068843, 15.856389444412168 ], [ 81.007499695385363, 15.834166290019558 ], [ 80.998382209473604, 15.829962991542443 ], [ 80.994306562326884, 15.815416338213804 ], [ 80.994998935212763, 15.803472041458331 ], [ 81.005209350430789, 15.783124900057739 ], [ 81.008263587975435, 15.782221558022409 ], [ 81.011654556445208, 15.773952435337032 ], [ 81.011120442143465, 15.768182519044373 ], [ 81.005825195717449, 15.766607135903582 ], [ 81.005691529814214, 15.762108639694844 ], [ 81.006015778020071, 15.758014043525773 ], [ 81.001463996980263, 15.752670394624213 ], [ 80.983636222142422, 15.740903654885908 ], [ 80.960140230163361, 15.728750230147838 ], [ 80.95339965805158, 15.727084398830524 ], [ 80.939449310319688, 15.718476295526273 ], [ 80.933826493112207, 15.720463692226623 ], [ 80.932298511291577, 15.723974755577048 ], [ 80.929166666129674, 15.725000000053091 ], [ 80.929063684306129, 15.723335216256809 ], [ 80.915138239880108, 15.720001219836979 ], [ 80.879028320095529, 15.713333130094503 ], [ 80.841240321653061, 15.709193650976017 ], [ 80.836337189104086, 15.709718188419982 ], [ 80.833889782251887, 15.710428974126913 ], [ 80.833333333464068, 15.712499999947982 ], [ 80.833333332890476, 15.71666666685209 ], [ 80.838067288201813, 15.723785061493436 ], [ 80.833333332951668, 15.724999999941002 ], [ 80.833333333350581, 15.741666666964308 ], [ 80.833333333452714, 15.745833333447825 ], [ 80.833333332723868, 15.750000000024812 ], [ 80.837500000184278, 15.754166667075513 ], [ 80.837499999830086, 15.758333333349793 ], [ 80.843750000089969, 15.762031215859189 ], [ 80.84925333611659, 15.757766045607655 ], [ 80.861904567990734, 15.763416545244466 ], [ 80.863092719048055, 15.807320828291557 ], [ 80.869983248720075, 15.813067287847485 ], [ 80.889583332807064, 15.812031216375392 ], [ 80.895086670287924, 15.807766044967556 ], [ 80.899653456142175, 15.809518094004835 ], [ 80.907766044734544, 15.818622843523157 ], [ 80.911932711879956, 15.826956176577816 ], [ 80.913067288412321, 15.835543823127374 ], [ 80.917294850191922, 15.84028830495347 ], [ 80.921400620669786, 15.844896104492836 ], [ 80.920266045188441, 15.852210489899887 ], [ 80.911932712422796, 15.861562771427987 ], [ 80.913138496408138, 15.878192308376477 ], [ 80.919983248802779, 15.883900622013773 ], [ 80.927083334191039, 15.879635450883038 ], [ 80.931122843931291, 15.882766046377226 ], [ 80.945833333429334, 15.883333334462543 ], [ 80.946400620923541, 15.889710489894453 ], [ 80.954532537823383, 15.898836772567117 ], [ 80.947789509686416, 15.900567288670308 ], [ 80.939710490056314, 15.907766046467499 ], [ 80.935289509677972, 15.908900622243175 ], [ 80.929784138887328, 15.91466013588879 ], [ 80.932715861315884, 15.918673197497265 ], [ 80.933950805933748, 15.943826802061873 ], [ 80.937767538298701, 15.949051412494867 ], [ 80.924732462788413, 15.950948588359232 ], [ 80.9285491937448, 15.956173197445302 ], [ 80.929784138821432, 15.96882680272881 ], [ 80.932715861441864, 15.972839864103268 ], [ 80.925655789493035, 15.980126445207967 ], [ 80.924432711690301, 15.993877156871115 ], [ 80.92026604464742, 16.002210490539674 ], [ 80.90833333352208, 16.016666666978971 ], [ 80.908686659528811, 16.023257785325011 ], [ 80.912486098039821, 16.027084011401239 ], [ 80.904519992329625, 16.035075547892944 ], [ 80.903813341379248, 16.04755011699719 ], [ 80.920480008002315, 16.064242215137298 ], [ 80.921186659309811, 16.073257785503678 ], [ 80.925353326192209, 16.080879720256615 ], [ 80.920847913748048, 16.085416667459736 ], [ 80.924646674691559, 16.089242215564727 ], [ 80.924255031773555, 16.098969862081649 ], [ 80.917631021811758, 16.100964356629703 ], [ 80.913142904465246, 16.110365126236847 ], [ 80.911793009150784, 16.136722141207613 ], [ 80.896863471054616, 16.138244968650941 ], [ 80.89230956996019, 16.147865126233484 ], [ 80.891043090712756, 16.165757582399394 ], [ 80.882766046275307, 16.174253336323599 ], [ 80.88806728819057, 16.182586670266094 ], [ 80.886894056643484, 16.211498684560727 ], [ 80.87570834708724, 16.217554050186546 ], [ 80.874432712526442, 16.227210490310267 ], [ 80.867233953878511, 16.239456177639717 ], [ 80.86581590413526, 16.244982571562321 ], [ 80.857766046410347, 16.247048272461839 ], [ 80.859148830883413, 16.253339301163379 ], [ 80.874646673899804, 16.268408881299855 ], [ 80.874999999923986, 16.275000000459702 ], [ 80.867653062685164, 16.275717163690686 ], [ 80.863117472404767, 16.28533969437941 ], [ 80.861705865004822, 16.295039198044925 ], [ 80.852006361037169, 16.296450806706307 ], [ 80.829519992418241, 16.318408881673328 ], [ 80.828813340950248, 16.327424452303116 ], [ 80.825353326148772, 16.330908881081779 ], [ 80.824646673722498, 16.343379719988963 ], [ 80.83298000826727, 16.355908881651995 ], [ 80.832709757320671, 16.374090916190909 ], [ 80.82585093229639, 16.375850762162386 ], [ 80.824432712180524, 16.381377155982065 ], [ 80.81608378143639, 16.390747070019696 ], [ 80.810289510384592, 16.392233954850024 ], [ 80.802210489664077, 16.399432712373834 ], [ 80.776742214647214, 16.400353325721511 ], [ 80.7628533253407, 16.414242215180483 ], [ 80.758686659276208, 16.422575548206332 ], [ 80.757980008095316, 16.431591118112408 ], [ 80.753813341156658, 16.439924452196514 ], [ 80.746186659420104, 16.447575547823362 ], [ 80.737500000451988, 16.450000000647183 ], [ 80.732482401445452, 16.461649236839214 ], [ 80.718622842839764, 16.467233954070402 ], [ 80.710543823072356, 16.474432713694046 ], [ 80.701956175926938, 16.47556728856982 ], [ 80.693877156255638, 16.482766045850475 ], [ 80.681122843496368, 16.483900621422936 ], [ 80.673043823172804, 16.491099379567725 ], [ 80.667517597901323, 16.492517429372761 ], [ 80.666099379357973, 16.49804382318877 ], [ 80.657750446956854, 16.507413737078718 ], [ 80.651956176308161, 16.508900621450977 ], [ 80.639710488809399, 16.520266046300421 ], [ 80.642233955352836, 16.539710489905254 ], [ 80.650567288450347, 16.549062770956411 ], [ 80.649432711656246, 16.602210490205621 ], [ 80.646400621084013, 16.610543824404605 ], [ 80.657766044866136, 16.622789510724257 ], [ 80.659041849522225, 16.632445949857235 ], [ 80.662499999739808, 16.633333333580953 ], [ 80.662500000512338, 16.645833333616149 ], [ 80.674160766846285, 16.646519640577214 ], [ 80.678525971728703, 16.652274863364187 ], [ 80.679969279069411, 16.661764865021578 ], [ 80.687500000066464, 16.662500000025354 ], [ 80.687853325132508, 16.669091119654261 ], [ 80.695480007399937, 16.676742214456265 ], [ 80.696191067098965, 16.681621636320806 ], [ 80.705908880705366, 16.691313341465293 ], [ 80.719835578358357, 16.692343818261012 ], [ 80.721450975201478, 16.697993639432852 ], [ 80.728549024780591, 16.706173028209125 ], [ 80.730325487402226, 16.71238606856674 ], [ 80.73533986433398, 16.716049194000888 ], [ 80.746450975507543, 16.717666287274994 ], [ 80.745215691808738, 16.74367302833258 ], [ 80.746601527783653, 16.753194851423114 ], [ 80.754052733809218, 16.755325317335711 ], [ 80.757715692392722, 16.760339694452281 ], [ 80.758950975137466, 16.7771603050519 ], [ 80.766049025394537, 16.785339694367966 ], [ 80.774382358059242, 16.802006361241975 ], [ 80.775692071111479, 16.819839816848255 ], [ 80.779733954112928, 16.827210490013236 ], [ 80.786932712011222, 16.835289510414157 ], [ 80.788067287113208, 16.848043823012034 ], [ 80.791099379243477, 16.851956176912552 ], [ 80.792304314997537, 16.869927640580929 ], [ 80.799149067833369, 16.871684095907202 ], [ 80.803697881711102, 16.881250000257936 ], [ 80.799432712291065, 16.88824666461651 ], [ 80.803599379498479, 16.893622843693425 ], [ 80.804827880923384, 16.907433743612156 ], [ 80.819982401209032, 16.913350763431925 ], [ 80.821684265230218, 16.919982571437448 ], [ 80.820480007708511, 16.931591119352206 ], [ 80.812514580245889, 16.943749999974671 ], [ 80.816313341011934, 16.947575548025021 ], [ 80.817019991740665, 16.964924452465507 ], [ 80.820480008389339, 16.96840888207274 ], [ 80.821186659379109, 16.981591119224611 ], [ 80.82464667363304, 16.9850755482287 ], [ 80.825353325748338, 16.994091119158544 ], [ 80.832980008334559, 17.001742214929372 ], [ 80.833658356726161, 17.026395839991412 ], [ 80.841313340718159, 17.03924221526448 ], [ 80.841058350121429, 17.049035306054318 ], [ 80.836559210659786, 17.050529650504345 ], [ 80.831245082974618, 17.046225314470444 ], [ 80.825002035341228, 17.051597086420596 ], [ 80.828637186687885, 17.056085204935918 ], [ 80.829696147243041, 17.065324231857389 ], [ 80.824059211394783, 17.067196316942383 ], [ 80.81874999990076, 17.062896051360109 ], [ 80.814748296981904, 17.066137017533283 ], [ 80.804166667432597, 17.066666667406086 ], [ 80.804875183532232, 17.092554049986624 ], [ 80.803599378882154, 17.102210490182195 ], [ 80.796400621084572, 17.114456177263932 ], [ 80.795266046117803, 17.123043824127606 ], [ 80.79223395383373, 17.126956177626511 ], [ 80.792019991831182, 17.152424452273355 ], [ 80.79548000767933, 17.155908881561182 ], [ 80.795833334304348, 17.166666667700415 ], [ 80.807251146415879, 17.167280917495887 ], [ 80.808900621412775, 17.171579997288969 ], [ 80.804733954178914, 17.176956176682577 ], [ 80.803599379464117, 17.188246664560324 ], [ 80.808900620861905, 17.198043823509845 ], [ 80.816099379061171, 17.206122842966284 ], [ 80.817233954533322, 17.215451727854049 ], [ 80.809184265077164, 17.217517598532329 ], [ 80.807766045908153, 17.223043823254436 ], [ 80.800461833264023, 17.231241184430225 ], [ 80.807766046154356, 17.243622842879208 ], [ 80.808333334556579, 17.258333334545835 ], [ 80.796524217461069, 17.267606948204374 ], [ 80.795266046265752, 17.2779517278843 ], [ 80.802210489645617, 17.279733955395788 ], [ 80.807666694330891, 17.284284295152688 ], [ 80.808900620683033, 17.296770562721655 ], [ 80.799999999700319, 17.308333334285258 ], [ 80.805878872377221, 17.316310968534342 ], [ 80.814924452084043, 17.317019992723289 ], [ 80.823257785437974, 17.32118665893444 ], [ 80.832977633724127, 17.330880229010685 ], [ 80.833686658864664, 17.339212883446592 ], [ 80.829519992029574, 17.34340888144251 ], [ 80.829166667499095, 17.354166666815651 ], [ 80.843408881678187, 17.346186659246609 ], [ 80.866666666017395, 17.345833334236744 ], [ 80.870480007964986, 17.351742215540241 ], [ 80.870833333434163, 17.362500000150725 ], [ 80.87427283345167, 17.363832625650392 ], [ 80.875000000134733, 17.366666667647401 ], [ 80.885543822640031, 17.366099379026494 ], [ 80.89241333047471, 17.361932712105322 ], [ 80.90074666263304, 17.367233954401918 ], [ 80.90612284369162, 17.36306728784162 ], [ 80.913437228897834, 17.361932711950775 ], [ 80.92278951048435, 17.370266045965462 ], [ 80.928543091231703, 17.37174258849921 ], [ 80.92986450245192, 17.399221124573593 ], [ 80.954166665651812, 17.400000000405754 ], [ 80.954166666134412, 17.395833332915068 ], [ 80.978251138983495, 17.395234850667048 ], [ 80.979733955064461, 17.389456177194131 ], [ 80.986932712239167, 17.381377157008671 ], [ 80.988467746031404, 17.375395880907689 ], [ 80.99960394952987, 17.369865586941483 ], [ 81.00416666693512, 17.362500000380564 ], [ 81.008333333384925, 17.362500000276668 ], [ 81.014242214543614, 17.354519992130324 ], [ 81.039924452259442, 17.353813341330518 ], [ 81.043408880718161, 17.350353326184194 ], [ 81.069091118859575, 17.349646674352165 ], [ 81.076742213838997, 17.342019992008435 ], [ 81.085757786096593, 17.341313341152354 ], [ 81.09757554795344, 17.329519992296571 ], [ 81.114924452508362, 17.32881334157641 ], [ 81.130908880655738, 17.312853325576086 ], [ 81.133333333314056, 17.316666667483918 ], [ 81.153156535211295, 17.316070895142868 ], [ 81.157766045959008, 17.310543823324728 ], [ 81.159548272321729, 17.303599378840403 ], [ 81.171877465369434, 17.304905129874168 ], [ 81.178420003816612, 17.308900621405023 ], [ 81.185543823220158, 17.307766046188345 ], [ 81.199253336888631, 17.299432712456237 ], [ 81.223043823321561, 17.30056728843314 ], [ 81.231377155886946, 17.304733955698456 ], [ 81.243622842863076, 17.316099379695462 ], [ 81.252210490431125, 17.317233954064953 ], [ 81.256122842812232, 17.320266046235979 ], [ 81.264976527808869, 17.320859657364316 ], [ 81.268844306842027, 17.321118979007078 ], [ 81.274021063852459, 17.321466064148847 ], [ 81.278426510419848, 17.327215362377654 ], [ 81.280075751662707, 17.332709757054694 ], [ 81.284832694769833, 17.332965684328183 ], [ 81.302210490543814, 17.333900621048816 ], [ 81.303965911342317, 17.335261080567321 ], [ 81.31250000009058, 17.33749999999527 ], [ 81.312853325669636, 17.348257785132279 ], [ 81.316313341242179, 17.351742215089065 ], [ 81.316666665672471, 17.358333334383509 ], [ 81.324646674554899, 17.364242215435894 ], [ 81.325355021496023, 17.377453783609312 ], [ 81.330908882554226, 17.382980008420141 ], [ 81.339954306254569, 17.387854168469872 ], [ 81.348286946196936, 17.382980008511108 ], [ 81.352424452249551, 17.38368665909298 ], [ 81.362146675009754, 17.393408881860271 ], [ 81.368877156961375, 17.395266046536452 ], [ 81.374253336103095, 17.391099379602338 ], [ 81.385543823411652, 17.392233953888603 ], [ 81.393622844303579, 17.399432713249148 ], [ 81.410543823811594, 17.400567287969718 ], [ 81.415529377760222, 17.404431322176038 ], [ 81.420266045132408, 17.393877156857144 ], [ 81.421489122326207, 17.380126445082844 ], [ 81.428373057950665, 17.374155764510402 ], [ 81.433622128831161, 17.375102230126821 ], [ 81.445437283245269, 17.380134413563606 ], [ 81.449432711931962, 17.385289510596603 ], [ 81.455086263304892, 17.39941711483106 ], [ 81.464574518114205, 17.407871501545333 ], [ 81.475000000467816, 17.40416666627231 ], [ 81.470266045217372, 17.39362284356239 ], [ 81.458900621568262, 17.381377157706734 ], [ 81.457482570878952, 17.375850932209801 ], [ 81.450850761853218, 17.37414906841444 ], [ 81.446400620942583, 17.36471049052615 ], [ 81.445833332773176, 17.345833334277348 ], [ 81.435075546810722, 17.341313340863206 ], [ 81.425355359900863, 17.331619433642995 ], [ 81.424646675210241, 17.32257554816244 ], [ 81.421186658911196, 17.319091118463852 ], [ 81.420480008418309, 17.310075548688459 ], [ 81.416313341426118, 17.30174221500226 ], [ 81.408686658842257, 17.294091118667396 ], [ 81.408333333306331, 17.270833334592037 ], [ 81.418622843828786, 17.263067287985965 ], [ 81.427210489765102, 17.26193271191255 ], [ 81.439456176655781, 17.250567288194798 ], [ 81.446400621121342, 17.248785062489961 ], [ 81.445266045128776, 17.226956176487008 ], [ 81.442233954657198, 17.223043823150434 ], [ 81.44109937804636, 17.210289510138228 ], [ 81.432766044940095, 17.196579997375711 ], [ 81.433836847839387, 17.189421340109117 ], [ 81.44109937789527, 17.181377156232671 ], [ 81.441669903550562, 17.175001768335576 ], [ 81.448081462168787, 17.175529480127924 ], [ 81.453226047003724, 17.179696146438964 ], [ 81.45756666439712, 17.178254698824681 ], [ 81.458900620666512, 17.160289510337822 ], [ 81.461932711644408, 17.156377156273177 ], [ 81.463067287939282, 17.143622844258022 ], [ 81.466099379059671, 17.139710489998752 ], [ 81.466661999772725, 17.129253417671968 ], [ 81.467233954996914, 17.118622844407952 ], [ 81.471752928716938, 17.108916218847259 ], [ 81.482425927711617, 17.100395123673071 ], [ 81.490747070790235, 17.099295722203415 ], [ 81.496400621556418, 17.089456177447133 ], [ 81.507766045408232, 17.077210490315224 ], [ 81.509184095392087, 17.071684094938014 ], [ 81.518622842876312, 17.067233955126198 ], [ 81.525000000026523, 17.0666666675409 ], [ 81.529519993181168, 17.055908881550071 ], [ 81.557980007028561, 17.02742445265714 ], [ 81.558686658615429, 17.022575547895634 ], [ 81.566313340836999, 17.014924452032741 ], [ 81.570833333528569, 17.004166666247446 ], [ 81.591666667312197, 17.004166666456079 ], [ 81.59640062219853, 16.99657999658956 ], [ 81.591099378954482, 16.988246662882219 ], [ 81.591481036370439, 16.981645013665553 ], [ 81.592289902707662, 16.967653741058953 ], [ 81.597789509953273, 16.963067287942067 ], [ 81.60637715654974, 16.961932713406615 ], [ 81.618622843500575, 16.950567287938018 ], [ 81.624149236669808, 16.949149238632877 ], [ 81.625967747299867, 16.94206271720601 ], [ 81.631122842664553, 16.938067288565435 ], [ 81.640722975157871, 16.9376971176073 ], [ 81.661496987636838, 16.93689609117731 ], [ 81.666099378649704, 16.931377157249145 ], [ 81.67047730414869, 16.920668963001244 ], [ 81.67140062095902, 16.910289510215915 ], [ 81.675000000232075, 16.904166666868711 ], [ 81.685757785549583, 16.903813341174907 ], [ 81.697575548380357, 16.896186659478825 ], [ 81.719091117983581, 16.895480008702716 ], [ 81.723286946860426, 16.89131334092389 ], [ 81.730908881253526, 16.895480008223387 ], [ 81.750000000276756, 16.895833333997519 ], [ 81.754733954433334, 16.889456176833342 ], [ 81.763067287860181, 16.872789510716306 ], [ 81.770266046545444, 16.864710489915311 ], [ 81.77916666573411, 16.845833334666128 ], [ 81.779519992377843, 16.818408881526803 ], [ 81.783686659398185, 16.81007554829883 ], [ 81.795480008452458, 16.798257785050623 ], [ 81.796186658640224, 16.789242215217062 ], [ 81.799646674953365, 16.785757785175949 ], [ 81.800567288322512, 16.776956176525989 ], [ 81.805134413322733, 16.767062716829997 ], [ 81.814710490130523, 16.761932712442675 ], [ 81.822789509631377, 16.754733955040535 ], [ 81.828458319727346, 16.753279283505044 ], [ 81.829869588212674, 16.74259575768188 ], [ 81.839456177136839, 16.733900621103004 ], [ 81.857427638763141, 16.732695516407578 ], [ 81.85930107915479, 16.725396051570307 ], [ 81.865920003438319, 16.72026604530171 ], [ 81.870022244550853, 16.721840075220612 ], [ 81.871684094776441, 16.728315905535151 ], [ 81.878240289486655, 16.728240288956698 ], [ 81.880138482498381, 16.72160169812982 ], [ 81.890931531817188, 16.720030721553538 ], [ 81.89228413882627, 16.706173028180881 ], [ 81.900617472001954, 16.68950636168482 ], [ 81.91604919429038, 16.672993639259513 ], [ 81.913161214107063, 16.669933743583748 ], [ 81.911838785879212, 16.655066257158538 ], [ 81.908333333338163, 16.654166667710456 ], [ 81.907766044652064, 16.626956177489568 ], [ 81.903902181176122, 16.62197062205631 ], [ 81.911649238334832, 16.619982571660998 ], [ 81.913067288388746, 16.614456177327842 ], [ 81.924432711690315, 16.602210490433624 ], [ 81.92596774610746, 16.596229384199919 ], [ 81.93258667006063, 16.591099378532991 ], [ 81.943877157317914, 16.59223395417547 ], [ 81.949253336828548, 16.596400620861907 ], [ 81.953480360128736, 16.594778782694902 ], [ 81.954869588464206, 16.584262424504221 ], [ 81.965707057783391, 16.574432712542947 ], [ 81.973043822922293, 16.575567287864924 ], [ 81.978029377706136, 16.579431152104849 ], [ 81.980082193666661, 16.571431817015824 ], [ 81.999999999894143, 16.570833333432635 ], [ 82.005908881504411, 16.574646675697586 ], [ 82.015920002691473, 16.566099377929856 ], [ 82.022789509832762, 16.570266045101231 ], [ 82.044924078810041, 16.571456909022888 ], [ 82.049999999659619, 16.579166666594563 ], [ 82.055168661116525, 16.567668659987358 ], [ 82.061672804469552, 16.565609402617429 ], [ 82.063365342942745, 16.554984537986666 ], [ 82.075168355639974, 16.553498671492402 ], [ 82.085443114899746, 16.55900132938168 ], [ 82.094285922155294, 16.566474067189755 ], [ 82.108594257636412, 16.565906779484973 ], [ 82.104834662119003, 16.56044311502643 ], [ 82.103498671108653, 16.54983147540759 ], [ 82.108174981504845, 16.54303588924034 ], [ 82.118754069143307, 16.538146973406967 ], [ 82.140380689747488, 16.558438449873595 ], [ 82.146001688164219, 16.567334663535981 ], [ 82.154335022264505, 16.561832004854189 ], [ 82.181276448309433, 16.575667996235822 ], [ 82.185390218429248, 16.578498671324667 ], [ 82.202109781928044, 16.579834663003716 ], [ 82.213120355199308, 16.584001329233395 ], [ 82.228380838749473, 16.570313856595416 ], [ 82.229834662325217, 16.602109782103025 ], [ 82.232665337801862, 16.606223551918013 ], [ 82.234192234132237, 16.615807766212171 ], [ 82.243776448936273, 16.617334663573573 ], [ 82.257355414441079, 16.625110880121937 ], [ 82.259001328763702, 16.635443116206208 ], [ 82.262289910743931, 16.641825085481532 ], [ 82.27171071139108, 16.640000663480297 ], [ 82.278653336530411, 16.635528185225446 ], [ 82.284164429948149, 16.626804032163324 ], [ 82.289302825531635, 16.615136623439025 ], [ 82.291636058347919, 16.606073650319335 ], [ 82.283019063708707, 16.600592376609452 ], [ 82.294214887524575, 16.6024545042578 ], [ 82.299691150764488, 16.591770362178426 ], [ 82.299440251387637, 16.589301115011686 ], [ 82.293300243507574, 16.576980075219687 ], [ 82.287835612672126, 16.570302772580067 ], [ 82.286459723093088, 16.571967610178532 ], [ 82.281040022010799, 16.571638788461016 ], [ 82.268360900332723, 16.564306260066932 ], [ 82.271975330415501, 16.561766140552034 ], [ 82.279167175444641, 16.560418130409641 ], [ 82.292499544885501, 16.564032553380205 ], [ 82.295417790532724, 16.566806790225073 ], [ 82.306526185239122, 16.569004535338166 ], [ 82.306726186014728, 16.574141764633893 ], [ 82.310084536189777, 16.567976760048712 ], [ 82.297084809775697, 16.563194750603166 ], [ 82.286114831488675, 16.557402293422957 ], [ 82.254081029041259, 16.548608040256571 ], [ 82.252364284969303, 16.547745922436782 ], [ 82.221249896709978, 16.535971960329221 ], [ 82.18986002695533, 16.521389325595511 ], [ 82.151713053212077, 16.501392045349277 ], [ 82.115417479882055, 16.485139850350894 ], [ 82.08618354831863, 16.469307422068194 ], [ 82.073053996441075, 16.463056087069255 ], [ 82.046386719714761, 16.448194982018922 ], [ 82.040608913304695, 16.445914549987211 ], [ 82.032638549981726, 16.444722177519861 ], [ 82.030138652848336, 16.438890455672233 ], [ 82.007125187133468, 16.426257921136486 ], [ 81.962620676388468, 16.404607366669989 ], [ 81.960747044549464, 16.404175429443725 ], [ 81.954784309382944, 16.410339695117251 ], [ 81.949801310927512, 16.398702982256356 ], [ 81.940971370199279, 16.394721030889066 ], [ 81.924575809753733, 16.393610950079847 ], [ 81.921254252400118, 16.392176575501534 ], [ 81.918143714428425, 16.391492490358839 ], [ 81.892639160119259, 16.386391640654853 ], [ 81.864719389951844, 16.378194332637428 ], [ 81.84360504019638, 16.370139125674456 ], [ 81.824237826291665, 16.361460683174229 ], [ 81.808102927995492, 16.353056748700059 ], [ 81.772554526002622, 16.333342008060033 ], [ 81.750834146400834, 16.32472276744247 ], [ 81.72377694237089, 16.312541688904449 ], [ 81.719157875144745, 16.314565514390086 ], [ 81.719821929387649, 16.318796314009152 ], [ 81.706939699863369, 16.321530343620545 ], [ 81.684306146226135, 16.332570790478517 ], [ 81.674033038015438, 16.333175037463796 ], [ 81.659916180181099, 16.33301205571728 ], [ 81.644927497770254, 16.33478611454942 ], [ 81.626318063033551, 16.337616430010247 ], [ 81.624308366556576, 16.337011392280385 ], [ 81.62336272930871, 16.338089320940711 ], [ 81.617079488084599, 16.337959024945302 ], [ 81.615245189753196, 16.339381917029058 ], [ 81.608139892696684, 16.340502824109961 ], [ 81.593756646215155, 16.341643577171112 ], [ 81.590136348090638, 16.341833941316739 ], [ 81.583057405518588, 16.343608855013748 ], [ 81.560926174023678, 16.345493589201819 ], [ 81.558927480537008, 16.348305750295182 ], [ 81.559880971037472, 16.348929485217099 ], [ 81.552223205152245, 16.351528167166364 ], [ 81.541343689823336, 16.358611425244131 ], [ 81.534301759628917, 16.358471869949234 ], [ 81.528472900072046, 16.354307652934153 ], [ 81.524307250527229, 16.358194349869571 ], [ 81.515199617312732, 16.355290452989063 ], [ 81.509030659691632, 16.35296535312445 ], [ 81.495414736171071, 16.351666450644061 ], [ 81.472640989789866, 16.353333475625732 ], [ 81.446804684969848, 16.350428565606503 ], [ 81.438844807723655, 16.349635219044064 ], [ 81.421198150918968, 16.346351846132418 ], [ 81.416772421187503, 16.345740403968176 ], [ 81.407638549968468, 16.343889235153004 ], [ 81.406179430187493, 16.348010542617217 ], [ 81.397224429704622, 16.344307423239957 ], [ 81.38896433509359, 16.353688982601497 ], [ 81.383986253751615, 16.355929448225922 ], [ 81.392303463843376, 16.344972230043318 ] ], [ [ 81.382253793558078, 16.361401481411857 ], [ 81.371340437203031, 16.361990612998028 ], [ 81.362416075735666, 16.356749343995755 ], [ 81.358809577706992, 16.345337975393825 ], [ 81.348958969726041, 16.331805944378644 ], [ 81.356170654058232, 16.334226063597736 ], [ 81.360495431411195, 16.340773720322918 ], [ 81.370283581689407, 16.347117878719459 ], [ 81.365509033839587, 16.350973127050093 ], [ 81.379306791495907, 16.359582902955136 ], [ 81.383986253751615, 16.355929448225922 ], [ 81.382253793558078, 16.361401481411857 ] ], [ [ 81.716099378921555, 16.334548271899102 ], [ 81.724376423784662, 16.334242418399665 ], [ 81.725000000459332, 16.345833334515071 ], [ 81.717363485498325, 16.344942898070691 ], [ 81.716099378921555, 16.334548271899102 ] ] ], [ [ [ 81.543375649131875, 16.348286946838844 ], [ 81.514882857049813, 16.349696830868837 ], [ 81.51340960746046, 16.349892526704494 ], [ 81.519883958622984, 16.354471591862477 ], [ 81.52232287154996, 16.354133150617486 ], [ 81.524860380235666, 16.350972175285442 ], [ 81.532549738535906, 16.352405964491094 ], [ 81.531534128970719, 16.35276423565109 ], [ 81.541942594677565, 16.355140690579052 ], [ 81.546750797965217, 16.350801265107954 ], [ 81.543375649131875, 16.348286946838844 ] ] ] ] } },
{ "type": "Feature", "properties": { "pfaf_id": 453610, "AreaSQKM_B": 21056.2171863, "support_id": "SB_06" }, "geometry": { "type": "Polygon", "coordinates": [ [ [ 80.337985341453262, 17.640979258553848 ], [ 80.345266045856533, 17.631377156315168 ], [ 80.34668426511179, 17.625850931938547 ], [ 80.352210489963923, 17.624432711922942 ], [ 80.364456177394544, 17.613067288437893 ], [ 80.37544331229148, 17.607873212369501 ], [ 80.378667979484078, 17.605023192447231 ], [ 80.379663934183768, 17.595252483118831 ], [ 80.375630188242823, 17.589647590135137 ], [ 80.374369812008936, 17.581185744210142 ], [ 80.371463522464921, 17.577147590323555 ], [ 80.374149068549201, 17.569982402359596 ], [ 80.375354172763579, 17.555882432362594 ], [ 80.391137186647455, 17.539418369316707 ], [ 80.387895881538952, 17.535416666981586 ], [ 80.392196147067637, 17.530107455936662 ], [ 80.391137186897254, 17.522751702259008 ], [ 80.382803853401541, 17.513583035579583 ], [ 80.384227668104927, 17.509104071931208 ], [ 80.389748297411785, 17.507803854633842 ], [ 80.406085034670269, 17.492196147414532 ], [ 80.410581631329492, 17.49113718684637 ], [ 80.43108503543823, 17.471362814161981 ], [ 80.432413567318434, 17.467249552697677 ], [ 80.423043823514007, 17.458900620832964 ], [ 80.417375183349066, 17.457445950142894 ], [ 80.416099379021048, 17.447789509826599 ], [ 80.408900621418383, 17.439710490214008 ], [ 80.407987699616086, 17.429447898865543 ], [ 80.404166665874101, 17.420833333029481 ], [ 80.409220717294659, 17.413208517472388 ], [ 80.418877157465488, 17.411932713355021 ], [ 80.424253335740232, 17.407766046082177 ], [ 80.435543823413056, 17.408900621152544 ], [ 80.440920002640723, 17.41306728785182 ], [ 80.449100240311367, 17.411764527018615 ], [ 80.457766045495489, 17.402210490247676 ], [ 80.458900621191333, 17.393622842974395 ], [ 80.464924452462697, 17.38785332623462 ], [ 80.469120449185255, 17.392019992537634 ], [ 80.485075547945399, 17.383686659309838 ], [ 80.498081630693122, 17.382803852901596 ], [ 80.506240505938592, 17.375388251627211 ], [ 80.510251702271233, 17.378637187080425 ], [ 80.51891496429964, 17.379696147716416 ], [ 80.52291666744155, 17.382937453229371 ], [ 80.536559210779586, 17.374470520087879 ], [ 80.544892544220119, 17.37969614709985 ], [ 80.549233500066492, 17.378254700318415 ], [ 80.550567287929809, 17.368622843504738 ], [ 80.55473395533609, 17.363246663860998 ], [ 80.553556993406303, 17.334246148396865 ], [ 80.550661213804759, 17.325899590958119 ], [ 80.557937452032618, 17.324032254436226 ], [ 80.563399589925339, 17.31316121544695 ], [ 80.570833332670304, 17.312500000373284 ], [ 80.575395880985127, 17.319865587295592 ], [ 80.581377156889403, 17.321400621053279 ], [ 80.589574516714734, 17.328704834220698 ], [ 80.599149068247399, 17.324149068337878 ], [ 80.60473395485883, 17.310289510575618 ], [ 80.609829033426564, 17.304179891605258 ], [ 80.614456177515606, 17.30776604588938 ], [ 80.627210489144389, 17.308900621096356 ], [ 80.636580234111392, 17.317249552122277 ], [ 80.638714938995207, 17.325567288589017 ], [ 80.648043822781645, 17.324432712285855 ], [ 80.652083332838401, 17.321302117116343 ], [ 80.657586670061931, 17.325567287974948 ], [ 80.669896104348879, 17.316099379218326 ], [ 80.67695617573051, 17.320266046033726 ], [ 80.689924452027583, 17.320480008302013 ], [ 80.693408880936261, 17.317019992107877 ], [ 80.710543822894422, 17.31723395451812 ], [ 80.72425333697862, 17.325567288488664 ], [ 80.731122842669478, 17.321400621222288 ], [ 80.743877155661266, 17.320266045971405 ], [ 80.75331573383167, 17.315815734986362 ], [ 80.754166667525311, 17.312500000118252 ], [ 80.769091118551259, 17.312146674083213 ], [ 80.772575548066513, 17.308686658857422 ], [ 80.799999999700319, 17.308333334285258 ], [ 80.808900620683033, 17.296770562721655 ], [ 80.807666694330891, 17.284284295152688 ], [ 80.802210489645617, 17.279733955395788 ], [ 80.795266046265752, 17.2779517278843 ], [ 80.796524217461069, 17.267606948204374 ], [ 80.808333334556579, 17.258333334545835 ], [ 80.807766046154356, 17.243622842879208 ], [ 80.800461833264023, 17.231241184430225 ], [ 80.807766045908153, 17.223043823254436 ], [ 80.809184265077164, 17.217517598532329 ], [ 80.817233954533322, 17.215451727854049 ], [ 80.816099379061171, 17.206122842966284 ], [ 80.808900620861905, 17.198043823509845 ], [ 80.803599379464117, 17.188246664560324 ], [ 80.804733954178914, 17.176956176682577 ], [ 80.808900621412775, 17.171579997288969 ], [ 80.807251146415879, 17.167280917495887 ], [ 80.795833334304348, 17.166666667700415 ], [ 80.79548000767933, 17.155908881561182 ], [ 80.792019991831182, 17.152424452273355 ], [ 80.79223395383373, 17.126956177626511 ], [ 80.795266046117803, 17.123043824127606 ], [ 80.796400621084572, 17.114456177263932 ], [ 80.803599378882154, 17.102210490182195 ], [ 80.804875183532232, 17.092554049986624 ], [ 80.804166667432597, 17.066666667406086 ], [ 80.814748296981904, 17.066137017533283 ], [ 80.81874999990076, 17.062896051360109 ], [ 80.824059211394783, 17.067196316942383 ], [ 80.829696147243041, 17.065324231857389 ], [ 80.828637186687885, 17.056085204935918 ], [ 80.825002035341228, 17.051597086420596 ], [ 80.831245082974618, 17.046225314470444 ], [ 80.836559210659786, 17.050529650504345 ], [ 80.841058350121429, 17.049035306054318 ], [ 80.841313340718159, 17.03924221526448 ], [ 80.833658356726161, 17.026395839991412 ], [ 80.832980008334559, 17.001742214929372 ], [ 80.825353325748338, 16.994091119158544 ], [ 80.82464667363304, 16.9850755482287 ], [ 80.821186659379109, 16.981591119224611 ], [ 80.820480008389339, 16.96840888207274 ], [ 80.817019991740665, 16.964924452465507 ], [ 80.816313341011934, 16.947575548025021 ], [ 80.812514580245889, 16.943749999974671 ], [ 80.820480007708511, 16.931591119352206 ], [ 80.821684265230218, 16.919982571437448 ], [ 80.819982401209032, 16.913350763431925 ], [ 80.804827880923384, 16.907433743612156 ], [ 80.803599379498479, 16.893622843693425 ], [ 80.799432712291065, 16.88824666461651 ], [ 80.803697881711102, 16.881250000257936 ], [ 80.799149067833369, 16.871684095907202 ], [ 80.792304314997537, 16.869927640580929 ], [ 80.791099379243477, 16.851956176912552 ], [ 80.788067287113208, 16.848043823012034 ], [ 80.786932712011222, 16.835289510414157 ], [ 80.779733954112928, 16.827210490013236 ], [ 80.775692071111479, 16.819839816848255 ], [ 80.774382358059242, 16.802006361241975 ], [ 80.766049025394537, 16.785339694367966 ], [ 80.758950975137466, 16.7771603050519 ], [ 80.757715692392722, 16.760339694452281 ], [ 80.754052733809218, 16.755325317335711 ], [ 80.746601527783653, 16.753194851423114 ], [ 80.745215691808738, 16.74367302833258 ], [ 80.746450975507543, 16.717666287274994 ], [ 80.73533986433398, 16.716049194000888 ], [ 80.730325487402226, 16.71238606856674 ], [ 80.728549024780591, 16.706173028209125 ], [ 80.721450975201478, 16.697993639432852 ], [ 80.719835578358357, 16.692343818261012 ], [ 80.705908880705366, 16.691313341465293 ], [ 80.696191067098965, 16.681621636320806 ], [ 80.695480007399937, 16.676742214456265 ], [ 80.687853325132508, 16.669091119654261 ], [ 80.687500000066464, 16.662500000025354 ], [ 80.679969279069411, 16.661764865021578 ], [ 80.678525971728703, 16.652274863364187 ], [ 80.674160766846285, 16.646519640577214 ], [ 80.662500000512338, 16.645833333616149 ], [ 80.662499999739808, 16.633333333580953 ], [ 80.659041849522225, 16.632445949857235 ], [ 80.657766044866136, 16.622789510724257 ], [ 80.646400621084013, 16.610543824404605 ], [ 80.649432711656246, 16.602210490205621 ], [ 80.650567288450347, 16.549062770956411 ], [ 80.642233955352836, 16.539710489905254 ], [ 80.639710488809399, 16.520266046300421 ], [ 80.651956176308161, 16.508900621450977 ], [ 80.657750446956854, 16.507413737078718 ], [ 80.666099379357973, 16.49804382318877 ], [ 80.667517597901323, 16.492517429372761 ], [ 80.673043823172804, 16.491099379567725 ], [ 80.681122843496368, 16.483900621422936 ], [ 80.693877156255638, 16.482766045850475 ], [ 80.701956175926938, 16.47556728856982 ], [ 80.710543823072356, 16.474432713694046 ], [ 80.718622842839764, 16.467233954070402 ], [ 80.732482401445452, 16.461649236839214 ], [ 80.737500000451988, 16.450000000647183 ], [ 80.746186659420104, 16.447575547823362 ], [ 80.753813341156658, 16.439924452196514 ], [ 80.757980008095316, 16.431591118112408 ], [ 80.758686659276208, 16.422575548206332 ], [ 80.7628533253407, 16.414242215180483 ], [ 80.776742214647214, 16.400353325721511 ], [ 80.802210489664077, 16.399432712373834 ], [ 80.810289510384592, 16.392233954850024 ], [ 80.81608378143639, 16.390747070019696 ], [ 80.824432712180524, 16.381377155982065 ], [ 80.82585093229639, 16.375850762162386 ], [ 80.832709757320671, 16.374090916190909 ], [ 80.83298000826727, 16.355908881651995 ], [ 80.824646673722498, 16.343379719988963 ], [ 80.825353326148772, 16.330908881081779 ], [ 80.828813340950248, 16.327424452303116 ], [ 80.829519992418241, 16.318408881673328 ], [ 80.852006361037169, 16.296450806706307 ], [ 80.861705865004822, 16.295039198044925 ], [ 80.863117472404767, 16.28533969437941 ], [ 80.867653062685164, 16.275717163690686 ], [ 80.874999999923986, 16.275000000459702 ], [ 80.874646673899804, 16.268408881299855 ], [ 80.859148830883413, 16.253339301163379 ], [ 80.857766046410347, 16.247048272461839 ], [ 80.86581590413526, 16.244982571562321 ], [ 80.867233953878511, 16.239456177639717 ], [ 80.874432712526442, 16.227210490310267 ], [ 80.87570834708724, 16.217554050186546 ], [ 80.886894056643484, 16.211498684560727 ], [ 80.88806728819057, 16.182586670266094 ], [ 80.882766046275307, 16.174253336323599 ], [ 80.891043090712756, 16.165757582399394 ], [ 80.89230956996019, 16.147865126233484 ], [ 80.896863471054616, 16.138244968650941 ], [ 80.911793009150784, 16.136722141207613 ], [ 80.913142904465246, 16.110365126236847 ], [ 80.917631021811758, 16.100964356629703 ], [ 80.924255031773555, 16.098969862081649 ], [ 80.924646674691559, 16.089242215564727 ], [ 80.920847913748048, 16.085416667459736 ], [ 80.925353326192209, 16.080879720256615 ], [ 80.921186659309811, 16.073257785503678 ], [ 80.920480008002315, 16.064242215137298 ], [ 80.903813341379248, 16.04755011699719 ], [ 80.904519992329625, 16.035075547892944 ], [ 80.912486098039821, 16.027084011401239 ], [ 80.908686659528811, 16.023257785325011 ], [ 80.90833333352208, 16.016666666978971 ], [ 80.92026604464742, 16.002210490539674 ], [ 80.924432711690301, 15.993877156871115 ], [ 80.925655789493035, 15.980126445207967 ], [ 80.932715861441864, 15.972839864103268 ], [ 80.929784138821432, 15.96882680272881 ], [ 80.9285491937448, 15.956173197445302 ], [ 80.924732462788413, 15.950948588359232 ], [ 80.937767538298701, 15.949051412494867 ], [ 80.933950805933748, 15.943826802061873 ], [ 80.932715861315884, 15.918673197497265 ], [ 80.929784138887328, 15.91466013588879 ], [ 80.935289509677972, 15.908900622243175 ], [ 80.939710490056314, 15.907766046467499 ], [ 80.947789509686416, 15.900567288670308 ], [ 80.954532537823383, 15.898836772567117 ], [ 80.946400620923541, 15.889710489894453 ], [ 80.945833333429334, 15.883333334462543 ], [ 80.931122843931291, 15.882766046377226 ], [ 80.927083334191039, 15.879635450883038 ], [ 80.919983248802779, 15.883900622013773 ], [ 80.913138496408138, 15.878192308376477 ], [ 80.911932712422796, 15.861562771427987 ], [ 80.920266045188441, 15.852210489899887 ], [ 80.921400620669786, 15.844896104492836 ], [ 80.917294850191922, 15.84028830495347 ], [ 80.913067288412321, 15.835543823127374 ], [ 80.911932711879956, 15.826956176577816 ], [ 80.907766044734544, 15.818622843523157 ], [ 80.899653456142175, 15.809518094004835 ], [ 80.895086670287924, 15.807766044967556 ], [ 80.889583332807064, 15.812031216375392 ], [ 80.869983248720075, 15.813067287847485 ], [ 80.863092719048055, 15.807320828291557 ], [ 80.861904567990734, 15.763416545244466 ], [ 80.84925333611659, 15.757766045607655 ], [ 80.843750000089969, 15.762031215859189 ], [ 80.837499999830086, 15.758333333349793 ], [ 80.829337342997349, 15.759484668078571 ], [ 80.820177883400405, 15.770251803996613 ], [ 80.8214887832915, 15.77712232870279 ], [ 80.8285112169049, 15.789544339554391 ], [ 80.829822117196443, 15.797955660952859 ], [ 80.84101121730437, 15.818711005325273 ], [ 80.842322116819233, 15.827122328075449 ], [ 80.8506554497541, 15.836918469872092 ], [ 80.849344550328283, 15.847955661441436 ], [ 80.838155449923434, 15.86037767248926 ], [ 80.836464267526992, 15.865854051258085 ], [ 80.824344549734406, 15.86774275168068 ], [ 80.825753952881925, 15.886786737637408 ], [ 80.841666666255705, 15.887500000206915 ], [ 80.846400621423072, 15.905126275090129 ], [ 80.836526998301224, 15.91601189648652 ], [ 80.822789509662485, 15.9172339553835 ], [ 80.818750000017516, 15.920364548935384 ], [ 80.813467746814581, 15.916270786629466 ], [ 80.811620245680075, 15.909072028588932 ], [ 80.803420004370153, 15.907766046116038 ], [ 80.798043822766644, 15.911932711960111 ], [ 80.791666666961191, 15.912500000137157 ], [ 80.792327880695709, 15.919933742836148 ], [ 80.807482401017666, 15.925850931859715 ], [ 80.811932711672966, 15.935289509950834 ], [ 80.812499999921911, 15.954166667268421 ], [ 80.809036594248212, 15.955131022645654 ], [ 80.807728236997562, 15.968839349648746 ], [ 80.804771762820536, 15.972827318369555 ], [ 80.803561571356369, 15.981339348887994 ], [ 80.791188558370266, 15.994842699330668 ], [ 80.792464192731785, 16.003475613438983 ], [ 80.810506015667002, 16.004771763051775 ], [ 80.815557522385234, 16.008516778715158 ], [ 80.817271763353716, 16.014672682431112 ], [ 80.825000000518671, 16.025000000387958 ], [ 80.825353326090763, 16.048257785619803 ], [ 80.832980007920526, 16.060075547965493 ], [ 80.833686658753649, 16.08921576620455 ], [ 80.825353326141496, 16.097575547911923 ], [ 80.82464667374154, 16.106591119075322 ], [ 80.821186659484937, 16.110075547822195 ], [ 80.820833332809812, 16.116666666597226 ], [ 80.810364955758445, 16.117309570258922 ], [ 80.793801709769966, 16.132690430107591 ], [ 80.783011543334013, 16.13397623734955 ], [ 80.775979274973636, 16.12899000298053 ], [ 80.774357266323946, 16.139634874529857 ], [ 80.767309400485289, 16.147865126054519 ], [ 80.765895250338076, 16.161728583495865 ], [ 80.751030138243706, 16.163244967940471 ], [ 80.749470520235505, 16.168914795078877 ], [ 80.742062547315555, 16.181249999833781 ], [ 80.745303853315534, 16.18525187206717 ], [ 80.746362813358061, 16.196773953158964 ], [ 80.742196147270448, 16.20191853809412 ], [ 80.741137186319108, 16.210581462553847 ], [ 80.737895880033633, 16.214583334531039 ], [ 80.741137185875047, 16.218585204903341 ], [ 80.742196147100188, 16.226017591938838 ], [ 80.736553785519476, 16.232574802493801 ], [ 80.730078633224039, 16.234100002033021 ], [ 80.728637186154344, 16.238440619904402 ], [ 80.736970519759282, 16.251918538716801 ], [ 80.737500000088787, 16.262500000208441 ], [ 80.731122843188103, 16.263067288104224 ], [ 80.72304382333671, 16.270266045647574 ], [ 80.717517598320526, 16.2716840949725 ], [ 80.716099378765151, 16.277210490023311 ], [ 80.708900622565565, 16.285289510685761 ], [ 80.704733955531111, 16.293622843221197 ], [ 80.704166667311469, 16.304166667002097 ], [ 80.697916666266948, 16.307771810347077 ], [ 80.687030876640833, 16.303549193851861 ], [ 80.680379231962121, 16.308407932228906 ], [ 80.677924262002719, 16.299821302993372 ], [ 80.66777309852958, 16.308630032157332 ], [ 80.66574028918113, 16.31574028903113 ], [ 80.659101527868799, 16.31763848260065 ], [ 80.657519192076734, 16.32850985996329 ], [ 80.629166666886618, 16.329166667085889 ], [ 80.6255672883497, 16.335289509978512 ], [ 80.62429148308216, 16.34494595015023 ], [ 80.610289509779889, 16.350567287865484 ], [ 80.604179891496074, 16.355662367100237 ], [ 80.608900620652648, 16.364710489917286 ], [ 80.616204834148462, 16.372907850193879 ], [ 80.618877156321005, 16.37973395541481 ], [ 80.62498677527482, 16.384829034385749 ], [ 80.621295166463298, 16.389592149276115 ], [ 80.628599379408413, 16.397789510608963 ], [ 80.629166666811102, 16.412500000335875 ], [ 80.632715691061492, 16.414660305699289 ], [ 80.624464925337307, 16.424168227226854 ], [ 80.613294136340357, 16.425794135689063 ], [ 80.611731804462408, 16.436528184925944 ], [ 80.597839863682836, 16.442284139055236 ], [ 80.589660135924504, 16.449382528285902 ], [ 80.582975261034321, 16.447542996454366 ], [ 80.577424452101297, 16.44201999250668 ], [ 80.560757785706286, 16.433686659318759 ], [ 80.555908881316583, 16.432980008500536 ], [ 80.548257786479311, 16.425353326435744 ], [ 80.539924452339477, 16.421186658949111 ], [ 80.529166666535545, 16.420833333975988 ], [ 80.521400620936504, 16.410543823581786 ], [ 80.520266044973241, 16.406122843002681 ], [ 80.513067288450088, 16.39804382300888 ], [ 80.511649067778592, 16.392517429176117 ], [ 80.504774135833003, 16.390753174569213 ], [ 80.504166666246107, 16.375000000709193 ], [ 80.500617642239732, 16.368826972211313 ], [ 80.49919738838922, 16.359068468631619 ], [ 80.484136624199607, 16.357598199338078 ], [ 80.475617642230276, 16.347993638473206 ], [ 80.473632134120237, 16.341049194526942 ], [ 80.455942914764677, 16.342375085370726 ], [ 80.450469123136799, 16.346450806637616 ], [ 80.43950653154323, 16.345215861044636 ], [ 80.43132680322779, 16.338117473050492 ], [ 80.417434861716245, 16.332361518601129 ], [ 80.415805222909782, 16.321164280258564 ], [ 80.410493469475909, 16.31728413945174 ], [ 80.400971646224548, 16.315898302564431 ], [ 80.393408881910759, 16.312853326714684 ], [ 80.389924451864175, 16.31631334105284 ], [ 80.376742215227111, 16.317019991874673 ], [ 80.369091118157499, 16.324646674365109 ], [ 80.360251703342357, 16.324470350289769 ], [ 80.342299059376955, 16.307256401878167 ], [ 80.341019016063811, 16.296784804317944 ], [ 80.336559211542166, 16.295303684278192 ], [ 80.331414965370058, 16.299470350371674 ], [ 80.325000000253013, 16.295833332915098 ], [ 80.318408881181981, 16.296186659674685 ], [ 80.310289510178066, 16.300567288244231 ], [ 80.302210490004654, 16.307766044834995 ], [ 80.293622842764606, 16.308900621865149 ], [ 80.285543822769682, 16.316099379563411 ], [ 80.276956177447573, 16.317233955669668 ], [ 80.268877155670154, 16.324432712515154 ], [ 80.263161215254542, 16.325899591058363 ], [ 80.262500000049755, 16.333333333880223 ], [ 80.247575548263043, 16.333686659401486 ], [ 80.235757785040263, 16.345480007048501 ], [ 80.219120449335662, 16.346186659389549 ], [ 80.214924452450958, 16.342019992211462 ], [ 80.206620449466627, 16.341313341274958 ], [ 80.202424451750176, 16.345480006931204 ], [ 80.191313341460386, 16.348257784858127 ], [ 80.179519992682145, 16.360075548240538 ], [ 80.179166667126324, 16.362500000069051 ], [ 80.156122843100889, 16.361932712276271 ], [ 80.143761359158177, 16.350459798117864 ], [ 80.136562771965743, 16.354733955386354 ], [ 80.127210490214651, 16.346400621902436 ], [ 80.118622843916114, 16.345266046518915 ], [ 80.114710490154565, 16.342233954837454 ], [ 80.09673902728953, 16.34102884995988 ], [ 80.089242213646003, 16.337853325143918 ], [ 80.085757785819297, 16.341313340938402 ], [ 80.064951070535443, 16.342019992625428 ], [ 80.056591119035048, 16.333686658844847 ], [ 80.048257785323059, 16.337146674502225 ], [ 80.019120449048799, 16.337853325298742 ], [ 80.006591118737887, 16.329519992687509 ], [ 79.997575547787022, 16.328813340871356 ], [ 79.994091119468592, 16.325353325232722 ], [ 79.985075547635887, 16.324646673848815 ], [ 79.981591119491569, 16.321186658844802 ], [ 79.972575548190477, 16.321186659427987 ], [ 79.964924452525281, 16.32881334129301 ], [ 79.955908882379759, 16.329519991836303 ], [ 79.948257785237061, 16.337146674675544 ], [ 79.94340888171682, 16.337853324957859 ], [ 79.937858073031776, 16.343376329632019 ], [ 79.933333333094723, 16.354166667157156 ], [ 79.898257785075032, 16.354519992675407 ], [ 79.876742215417309, 16.353813341311387 ], [ 79.873257785321002, 16.350353325697679 ], [ 79.860075548359973, 16.349646674511476 ], [ 79.854166666777203, 16.345833334590608 ], [ 79.839924451726418, 16.357980008044951 ], [ 79.833333334548811, 16.358333334303943 ], [ 79.832672119008819, 16.350899590927526 ], [ 79.821579996749421, 16.345266046158688 ], [ 79.814710490249283, 16.349432712075252 ], [ 79.800850762482156, 16.344982571311473 ], [ 79.79914923786022, 16.338350762444854 ], [ 79.796674078831586, 16.337715646774424 ], [ 79.759452044283535, 16.388372372901326 ], [ 79.740329071342146, 16.416372883830007 ], [ 79.674992389088402, 16.520063079172068 ], [ 79.675000000035169, 16.520833332952538 ], [ 79.671186659094175, 16.52674221539386 ], [ 79.670480007289783, 16.548257785314927 ], [ 79.671186659242906, 16.564924452674912 ], [ 79.674646673951599, 16.568408882681503 ], [ 79.675353326156582, 16.589924452360943 ], [ 79.679152086258426, 16.593749999956966 ], [ 79.675014580725957, 16.59791666733636 ], [ 79.678813339725949, 16.601742215074577 ], [ 79.67951999274888, 16.61492445266294 ], [ 79.683686659441463, 16.622546386998422 ], [ 79.679519993409784, 16.626742213905114 ], [ 79.679166667337313, 16.650000000599789 ], [ 79.687144978742722, 16.655879720551845 ], [ 79.687146674507062, 16.67742445196734 ], [ 79.679804139818557, 16.688949641832679 ], [ 79.675000000493085, 16.69166666770035 ], [ 79.675567287895305, 16.706377156412085 ], [ 79.684262423753296, 16.715963745520167 ], [ 79.69494595035043, 16.717375013577204 ], [ 79.69583333335747, 16.720833333203078 ], [ 79.695266045363297, 16.743877156204384 ], [ 79.692233955182544, 16.747789509844512 ], [ 79.691099379537135, 16.761285062199956 ], [ 79.699338786351944, 16.763399590953778 ], [ 79.700567287713511, 16.77721049070087 ], [ 79.704733955431323, 16.785543823250034 ], [ 79.716099378833391, 16.797789510542426 ], [ 79.720266045201427, 16.806122843487788 ], [ 79.72026604553362, 16.818877156240099 ], [ 79.717233955262543, 16.822789510171752 ], [ 79.715958319784988, 16.832445950678029 ], [ 79.712500000385916, 16.833333334512485 ], [ 79.71306728822141, 16.852210490705225 ], [ 79.729166667521426, 16.870833334026983 ], [ 79.728505452360622, 16.878267077663978 ], [ 79.71763441266026, 16.883729382858739 ], [ 79.715815904930551, 16.89081590427881 ], [ 79.709184095272562, 16.892517429644311 ], [ 79.704733954970536, 16.90195617758723 ], [ 79.703599378682213, 16.910543823221872 ], [ 79.700567288361668, 16.914456177690422 ], [ 79.699432711949072, 16.934079996342039 ], [ 79.707873534741367, 16.947928195000216 ], [ 79.696293131268007, 16.960405138153362 ], [ 79.699432712407656, 16.964456177250987 ], [ 79.70776604541895, 16.981122844310708 ], [ 79.708900620659179, 16.993877157508987 ], [ 79.71250000038286, 17.004166666328747 ], [ 79.724090914856617, 17.004790243201597 ], [ 79.728599378697226, 17.018877157047708 ], [ 79.725567288502276, 17.022789510590659 ], [ 79.724432712234147, 17.048043824658528 ], [ 79.719982571298516, 17.057482570844044 ], [ 79.714456177472726, 17.058900621151356 ], [ 79.70637715643764, 17.066099378616652 ], [ 79.701742214217333, 17.067019993379876 ], [ 79.692021010462625, 17.076715088294279 ], [ 79.69166666668805, 17.087499999963963 ], [ 79.685075548320455, 17.087853326186398 ], [ 79.679521687929693, 17.093379720281614 ], [ 79.682624986619416, 17.100887384092559 ], [ 79.683900620651698, 17.110543823909193 ], [ 79.686932712006595, 17.114456176858258 ], [ 79.688067288348819, 17.127951727992819 ], [ 79.680017428686639, 17.130017429580246 ], [ 79.678315905263801, 17.136649238246001 ], [ 79.671435886289757, 17.138414510306202 ], [ 79.67026604510913, 17.173043822978389 ], [ 79.658900620647927, 17.185289510651771 ], [ 79.657766045336373, 17.193877156517129 ], [ 79.651494918985264, 17.200298693665403 ], [ 79.654790104846114, 17.205523079512645 ], [ 79.680667566003365, 17.242316558881527 ], [ 79.710188878233552, 17.276487640089311 ], [ 79.743069729487743, 17.307704751817209 ], [ 79.778992712288471, 17.335664781184445 ], [ 79.817610377346043, 17.360096065112923 ], [ 80.337543127330719, 17.650948851788065 ], [ 80.337985341453262, 17.640979258553848 ] ] ] } },
{ "type": "Feature", "properties": { "pfaf_id": 453710, "AreaSQKM_B": 5964.7646913099998, "support_id": "SB_07" }, "geometry": { "type": "MultiPolygon", "coordinates": [ [ [ [ 80.780416489953325, 15.846665859841757 ], [ 80.772499719798461, 15.855278412598933 ], [ 80.775308609432656, 15.858472943961608 ], [ 80.780416489953325, 15.846665859841757 ] ] ], [ [ [ 80.6255672883497, 16.335289509978512 ], [ 80.629166666886618, 16.329166667085889 ], [ 80.657519192076734, 16.32850985996329 ], [ 80.659101527868799, 16.31763848260065 ], [ 80.66574028918113, 16.31574028903113 ], [ 80.66777309852958, 16.308630032157332 ], [ 80.677924262002719, 16.299821302993372 ], [ 80.680379231962121, 16.308407932228906 ], [ 80.687030876640833, 16.303549193851861 ], [ 80.697916666266948, 16.307771810347077 ], [ 80.704166667311469, 16.304166667002097 ], [ 80.704733955531111, 16.293622843221197 ], [ 80.708900622565565, 16.285289510685761 ], [ 80.716099378765151, 16.277210490023311 ], [ 80.717517598320526, 16.2716840949725 ], [ 80.72304382333671, 16.270266045647574 ], [ 80.731122843188103, 16.263067288104224 ], [ 80.737500000088787, 16.262500000208441 ], [ 80.736970519759282, 16.251918538716801 ], [ 80.728637186154344, 16.238440619904402 ], [ 80.730078633224039, 16.234100002033021 ], [ 80.736553785519476, 16.232574802493801 ], [ 80.742196147100188, 16.226017591938838 ], [ 80.741137185875047, 16.218585204903341 ], [ 80.737895880033633, 16.214583334531039 ], [ 80.741137186319108, 16.210581462553847 ], [ 80.742196147270448, 16.20191853809412 ], [ 80.746362813358061, 16.196773953158964 ], [ 80.745303853315534, 16.18525187206717 ], [ 80.742062547315555, 16.181249999833781 ], [ 80.749470520235505, 16.168914795078877 ], [ 80.751030138243706, 16.163244967940471 ], [ 80.765895250338076, 16.161728583495865 ], [ 80.767309400485289, 16.147865126054519 ], [ 80.774357266323946, 16.139634874529857 ], [ 80.775979274973636, 16.12899000298053 ], [ 80.783011543334013, 16.13397623734955 ], [ 80.793801709769966, 16.132690430107591 ], [ 80.810364955758445, 16.117309570258922 ], [ 80.820833332809812, 16.116666666597226 ], [ 80.821186659484937, 16.110075547822195 ], [ 80.82464667374154, 16.106591119075322 ], [ 80.825353326141496, 16.097575547911923 ], [ 80.833686658753649, 16.08921576620455 ], [ 80.832980007920526, 16.060075547965493 ], [ 80.825353326090763, 16.048257785619803 ], [ 80.825000000518671, 16.025000000387958 ], [ 80.817271763353716, 16.014672682431112 ], [ 80.815557522385234, 16.008516778715158 ], [ 80.810506015667002, 16.004771763051775 ], [ 80.792464192731785, 16.003475613438983 ], [ 80.791188558370266, 15.994842699330668 ], [ 80.803561571356369, 15.981339348887994 ], [ 80.804771762820536, 15.972827318369555 ], [ 80.807728236997562, 15.968839349648746 ], [ 80.809036594248212, 15.955131022645654 ], [ 80.812499999921911, 15.954166667268421 ], [ 80.811932711672966, 15.935289509950834 ], [ 80.807482401017666, 15.925850931859715 ], [ 80.792327880695709, 15.919933742836148 ], [ 80.791666666961191, 15.912500000137157 ], [ 80.798043822766644, 15.911932711960111 ], [ 80.803420004370153, 15.907766046116038 ], [ 80.811620245680075, 15.909072028588932 ], [ 80.813467746814581, 15.916270786629466 ], [ 80.818750000017516, 15.920364548935384 ], [ 80.822789509662485, 15.9172339553835 ], [ 80.836526998301224, 15.91601189648652 ], [ 80.846400621423072, 15.905126275090129 ], [ 80.841666666255705, 15.887500000206915 ], [ 80.825753952881925, 15.886786737637408 ], [ 80.824344549734406, 15.86774275168068 ], [ 80.836464267526992, 15.865854051258085 ], [ 80.838155449923434, 15.86037767248926 ], [ 80.849344550328283, 15.847955661441436 ], [ 80.8506554497541, 15.836918469872092 ], [ 80.842322116819233, 15.827122328075449 ], [ 80.84101121730437, 15.818711005325273 ], [ 80.829822117196443, 15.797955660952859 ], [ 80.8285112169049, 15.789544339554391 ], [ 80.8214887832915, 15.77712232870279 ], [ 80.820177883400405, 15.770251803996613 ], [ 80.829337342997349, 15.759484668078571 ], [ 80.837499999830086, 15.758333333349793 ], [ 80.837500000184278, 15.754166667075513 ], [ 80.833333332723868, 15.750000000024812 ], [ 80.833333333452714, 15.745833333447825 ], [ 80.833333333350581, 15.741666666964308 ], [ 80.833333332951668, 15.724999999941002 ], [ 80.833333332890476, 15.71666666685209 ], [ 80.833333333464068, 15.712499999947982 ], [ 80.830872569312774, 15.711572645867564 ], [ 80.829423849048567, 15.711186911481652 ], [ 80.823340800227527, 15.712131275690954 ], [ 80.81599903137797, 15.71988947431622 ], [ 80.812919620351394, 15.727086070190969 ], [ 80.800804137283464, 15.739140607374129 ], [ 80.796665193091698, 15.745695588237844 ], [ 80.792222976441735, 15.758057118332296 ], [ 80.781528474405818, 15.778056025368437 ], [ 80.780555724640976, 15.785420420504396 ], [ 80.788337709938276, 15.784310340382728 ], [ 80.789402959866109, 15.772112880692383 ], [ 80.793563842788018, 15.771065077717298 ], [ 80.79207992510419, 15.760971068364094 ], [ 80.796732904501326, 15.755625723063313 ], [ 80.802836825785491, 15.744385446871201 ], [ 80.813828604359998, 15.740060533624131 ], [ 80.81295658804585, 15.747190816135918 ], [ 80.812362670515469, 15.751542049863813 ], [ 80.810623169023046, 15.764305117268243 ], [ 80.804132754726353, 15.779019031000587 ], [ 80.803655326292684, 15.781339349635997 ], [ 80.793888095516266, 15.810418131192742 ], [ 80.79338073719407, 15.816343310555894 ], [ 80.810785926791866, 15.815879507441178 ], [ 80.81149773846947, 15.826656897293988 ], [ 80.808709640295291, 15.837589034031359 ], [ 80.804808787279853, 15.84345915345901 ], [ 80.786386490878101, 15.859583257474 ], [ 80.781883047121795, 15.858847907981737 ], [ 80.77411397042485, 15.866071383358385 ], [ 80.770416260528862, 15.863751173230421 ], [ 80.760632944949521, 15.86665038394208 ], [ 80.759428997343761, 15.867109649413733 ], [ 80.747364044854365, 15.872083422966901 ], [ 80.735316650151063, 15.87498991948569 ], [ 80.731514504402043, 15.87533900928185 ], [ 80.714179274746044, 15.878877632673372 ], [ 80.712495775356601, 15.879446368644553 ], [ 80.686252592864264, 15.882084369573388 ], [ 80.668704442738075, 15.879595663313124 ], [ 80.660075852312744, 15.879061467633109 ], [ 80.638791606131164, 15.875621652256816 ], [ 80.63266025182439, 15.874629259647948 ], [ 80.610137939878527, 15.871390340483666 ], [ 80.592361449669227, 15.867500779955595 ], [ 80.566248577343643, 15.860277812693484 ], [ 80.541130608633793, 15.852481982488106 ], [ 80.53798675804849, 15.854652526016798 ], [ 80.527625677358259, 15.84597254234753 ], [ 80.508195880356666, 15.839792370076092 ], [ 80.472221376471239, 15.825140950218371 ], [ 80.450765610364925, 15.814864634996804 ], [ 80.409719466937574, 15.792917374209235 ], [ 80.383474351445898, 15.777083637622418 ], [ 80.35879974449486, 15.761474036599763 ], [ 80.349304199226594, 15.75305628722535 ], [ 80.339089286659259, 15.746745214879462 ], [ 80.332297431164378, 15.739090496906371 ], [ 80.312280927537685, 15.721328735132234 ], [ 80.296445575844317, 15.703553337537704 ], [ 80.282361030319464, 15.685832738529996 ], [ 80.278618632895103, 15.681820997812368 ], [ 79.863072654255603, 16.247351579057256 ], [ 79.866666666885664, 16.249999999855742 ], [ 79.866666667017086, 16.270833332896025 ], [ 79.863161215512903, 16.271732924309312 ], [ 79.861932712512228, 16.285543822883643 ], [ 79.858900620867473, 16.28945617594816 ], [ 79.857766046407292, 16.29804382316679 ], [ 79.849432711831383, 16.307396103926525 ], [ 79.85473395490709, 16.315920002876091 ], [ 79.85359937906604, 16.331377156225578 ], [ 79.849432711968376, 16.336753337203476 ], [ 79.850738865147946, 16.344953749103283 ], [ 79.854166666777203, 16.345833334590608 ], [ 79.860075548359973, 16.349646674511476 ], [ 79.873257785321002, 16.350353325697679 ], [ 79.876742215417309, 16.353813341311387 ], [ 79.898257785075032, 16.354519992675407 ], [ 79.933333333094723, 16.354166667157156 ], [ 79.937858073031776, 16.343376329632019 ], [ 79.94340888171682, 16.337853324957859 ], [ 79.948257785237061, 16.337146674675544 ], [ 79.955908882379759, 16.329519991836303 ], [ 79.964924452525281, 16.32881334129301 ], [ 79.972575548190477, 16.321186659427987 ], [ 79.981591119491569, 16.321186658844802 ], [ 79.985075547635887, 16.324646673848815 ], [ 79.994091119468592, 16.325353325232722 ], [ 79.997575547787022, 16.328813340871356 ], [ 80.006591118737887, 16.329519992687509 ], [ 80.019120449048799, 16.337853325298742 ], [ 80.048257785323059, 16.337146674502225 ], [ 80.056591119035048, 16.333686658844847 ], [ 80.064951070535443, 16.342019992625428 ], [ 80.085757785819297, 16.341313340938402 ], [ 80.089242213646003, 16.337853325143918 ], [ 80.09673902728953, 16.34102884995988 ], [ 80.114710490154565, 16.342233954837454 ], [ 80.118622843916114, 16.345266046518915 ], [ 80.127210490214651, 16.346400621902436 ], [ 80.136562771965743, 16.354733955386354 ], [ 80.143761359158177, 16.350459798117864 ], [ 80.156122843100889, 16.361932712276271 ], [ 80.179166667126324, 16.362500000069051 ], [ 80.179519992682145, 16.360075548240538 ], [ 80.191313341460386, 16.348257784858127 ], [ 80.202424451750176, 16.345480006931204 ], [ 80.206620449466627, 16.341313341274958 ], [ 80.214924452450958, 16.342019992211462 ], [ 80.219120449335662, 16.346186659389549 ], [ 80.235757785040263, 16.345480007048501 ], [ 80.247575548263043, 16.333686659401486 ], [ 80.262500000049755, 16.333333333880223 ], [ 80.263161215254542, 16.325899591058363 ], [ 80.268877155670154, 16.324432712515154 ], [ 80.276956177447573, 16.317233955669668 ], [ 80.285543822769682, 16.316099379563411 ], [ 80.293622842764606, 16.308900621865149 ], [ 80.302210490004654, 16.307766044834995 ], [ 80.310289510178066, 16.300567288244231 ], [ 80.318408881181981, 16.296186659674685 ], [ 80.325000000253013, 16.295833332915098 ], [ 80.331414965370058, 16.299470350371674 ], [ 80.336559211542166, 16.295303684278192 ], [ 80.341019016063811, 16.296784804317944 ], [ 80.342299059376955, 16.307256401878167 ], [ 80.360251703342357, 16.324470350289769 ], [ 80.369091118157499, 16.324646674365109 ], [ 80.376742215227111, 16.317019991874673 ], [ 80.389924451864175, 16.31631334105284 ], [ 80.393408881910759, 16.312853326714684 ], [ 80.400971646224548, 16.315898302564431 ], [ 80.410493469475909, 16.31728413945174 ], [ 80.415805222909782, 16.321164280258564 ], [ 80.417434861716245, 16.332361518601129 ], [ 80.43132680322779, 16.338117473050492 ], [ 80.43950653154323, 16.345215861044636 ], [ 80.450469123136799, 16.346450806637616 ], [ 80.455942914764677, 16.342375085370726 ], [ 80.473632134120237, 16.341049194526942 ], [ 80.475617642230276, 16.347993638473206 ], [ 80.484136624199607, 16.357598199338078 ], [ 80.49919738838922, 16.359068468631619 ], [ 80.500617642239732, 16.368826972211313 ], [ 80.504166666246107, 16.375000000709193 ], [ 80.504774135833003, 16.390753174569213 ], [ 80.511649067778592, 16.392517429176117 ], [ 80.513067288450088, 16.39804382300888 ], [ 80.520266044973241, 16.406122843002681 ], [ 80.521400620936504, 16.410543823581786 ], [ 80.529166666535545, 16.420833333975988 ], [ 80.539924452339477, 16.421186658949111 ], [ 80.548257786479311, 16.425353326435744 ], [ 80.555908881316583, 16.432980008500536 ], [ 80.560757785706286, 16.433686659318759 ], [ 80.577424452101297, 16.44201999250668 ], [ 80.582975261034321, 16.447542996454366 ], [ 80.589660135924504, 16.449382528285902 ], [ 80.597839863682836, 16.442284139055236 ], [ 80.611731804462408, 16.436528184925944 ], [ 80.613294136340357, 16.425794135689063 ], [ 80.624464925337307, 16.424168227226854 ], [ 80.632715691061492, 16.414660305699289 ], [ 80.629166666811102, 16.412500000335875 ], [ 80.628599379408413, 16.397789510608963 ], [ 80.621295166463298, 16.389592149276115 ], [ 80.62498677527482, 16.384829034385749 ], [ 80.618877156321005, 16.37973395541481 ], [ 80.616204834148462, 16.372907850193879 ], [ 80.608900620652648, 16.364710489917286 ], [ 80.604179891496074, 16.355662367100237 ], [ 80.610289509779889, 16.350567287865484 ], [ 80.62429148308216, 16.34494595015023 ], [ 80.6255672883497, 16.335289509978512 ] ] ] ] } }
]
}
